lon,lat,vs30_ms
-103.466667,20.866667,539.5
-103.458333,20.866667,562.0
-103.450000,20.866667,477.5
-103.441667,20.866667,402.2
-103.433333,20.866667,396.1
-103.425000,20.866667,582.3
-103.416667,20.866667,480.8
-103.408333,20.866667,545.7
-103.400000,20.866667,671.4
-103.391667,20.866667,681.2
-103.383333,20.866667,668.9
-103.375000,20.866667,693.7
-103.366667,20.866667,586.8
-103.358333,20.866667,513.0
-103.350000,20.866667,900.0
-103.341667,20.866667,900.0
-103.333333,20.866667,478.5
-103.325000,20.866667,780.4
-103.316667,20.866667,814.2
-103.308333,20.866667,670.5
-103.300000,20.866667,745.7
-103.291667,20.866667,813.6
-103.283333,20.866667,839.3
-103.275000,20.866667,583.9
-103.266667,20.866667,428.3
-103.258333,20.866667,467.0
-103.466667,20.858333,529.4
-103.458333,20.858333,460.0
-103.450000,20.858333,405.8
-103.441667,20.858333,376.2
-103.433333,20.858333,358.8
-103.425000,20.858333,451.9
-103.416667,20.858333,561.8
-103.408333,20.858333,546.4
-103.400000,20.858333,423.1
-103.391667,20.858333,401.0
-103.383333,20.858333,538.2
-103.375000,20.858333,627.5
-103.366667,20.858333,655.9
-103.358333,20.858333,835.8
-103.350000,20.858333,900.0
-103.341667,20.858333,820.6
-103.333333,20.858333,493.2
-103.325000,20.858333,676.5
-103.316667,20.858333,868.8
-103.308333,20.858333,778.6
-103.300000,20.858333,900.0
-103.291667,20.858333,851.1
-103.283333,20.858333,553.9
-103.275000,20.858333,287.7
-103.266667,20.858333,381.7
-103.258333,20.858333,353.5
-103.466667,20.850000,553.6
-103.458333,20.850000,517.5
-103.450000,20.850000,448.6
-103.441667,20.850000,362.3
-103.433333,20.850000,296.2
-103.425000,20.850000,354.3
-103.416667,20.850000,484.2
-103.408333,20.850000,498.8
-103.400000,20.850000,456.5
-103.391667,20.850000,464.8
-103.383333,20.850000,481.7
-103.375000,20.850000,471.3
-103.366667,20.850000,723.0
-103.358333,20.850000,889.9
-103.350000,20.850000,900.0
-103.341667,20.850000,831.3
-103.333333,20.850000,612.3
-103.325000,20.850000,472.1
-103.316667,20.850000,793.3
-103.308333,20.850000,833.2
-103.300000,20.850000,900.0
-103.291667,20.850000,900.0
-103.283333,20.850000,781.0
-103.275000,20.850000,550.6
-103.266667,20.850000,486.0
-103.258333,20.850000,396.7
-103.466667,20.841667,524.4
-103.458333,20.841667,534.3
-103.450000,20.841667,477.5
-103.441667,20.841667,362.3
-103.433333,20.841667,340.7
-103.425000,20.841667,358.1
-103.416667,20.841667,367.4
-103.408333,20.841667,342.8
-103.400000,20.841667,301.9
-103.391667,20.841667,385.2
-103.383333,20.841667,498.5
-103.375000,20.841667,566.5
-103.366667,20.841667,492.1
-103.358333,20.841667,603.2
-103.350000,20.841667,881.0
-103.341667,20.841667,900.0
-103.333333,20.841667,836.6
-103.325000,20.841667,358.5
-103.316667,20.841667,649.3
-103.308333,20.841667,785.1
-103.300000,20.841667,811.9
-103.291667,20.841667,821.8
-103.283333,20.841667,862.0
-103.275000,20.841667,786.1
-103.266667,20.841667,661.2
-103.258333,20.841667,491.6
-103.466667,20.833333,538.2
-103.458333,20.833333,465.8
-103.450000,20.833333,376.9
-103.441667,20.833333,338.5
-103.433333,20.833333,321.0
-103.425000,20.833333,296.8
-103.416667,20.833333,296.3
-103.408333,20.833333,407.0
-103.400000,20.833333,384.2
-103.391667,20.833333,376.3
-103.383333,20.833333,470.3
-103.375000,20.833333,410.7
-103.366667,20.833333,309.6
-103.358333,20.833333,538.9
-103.350000,20.833333,817.1
-103.341667,20.833333,900.0
-103.333333,20.833333,856.5
-103.325000,20.833333,411.3
-103.316667,20.833333,673.0
-103.308333,20.833333,665.2
-103.300000,20.833333,671.7
-103.291667,20.833333,597.6
-103.283333,20.833333,605.4
-103.275000,20.833333,653.9
-103.266667,20.833333,696.3
-103.258333,20.833333,645.5
-103.466667,20.825000,427.8
-103.458333,20.825000,365.8
-103.450000,20.825000,274.9
-103.441667,20.825000,333.9
-103.433333,20.825000,365.9
-103.425000,20.825000,346.4
-103.416667,20.825000,267.3
-103.408333,20.825000,330.7
-103.400000,20.825000,458.0
-103.391667,20.825000,499.5
-103.383333,20.825000,464.0
-103.375000,20.825000,468.9
-103.366667,20.825000,402.7
-103.358333,20.825000,609.0
-103.350000,20.825000,833.4
-103.341667,20.825000,900.0
-103.333333,20.825000,756.7
-103.325000,20.825000,464.1
-103.316667,20.825000,607.2
-103.308333,20.825000,564.0
-103.300000,20.825000,694.7
-103.291667,20.825000,663.9
-103.283333,20.825000,523.3
-103.275000,20.825000,512.6
-103.266667,20.825000,605.5
-103.258333,20.825000,671.3
-103.466667,20.816667,371.5
-103.458333,20.816667,332.1
-103.450000,20.816667,335.7
-103.441667,20.816667,273.3
-103.433333,20.816667,299.4
-103.425000,20.816667,388.4
-103.416667,20.816667,288.4
-103.408333,20.816667,396.2
-103.400000,20.816667,522.0
-103.391667,20.816667,521.4
-103.383333,20.816667,420.7
-103.375000,20.816667,475.8
-103.366667,20.816667,567.2
-103.358333,20.816667,536.9
-103.350000,20.816667,588.3
-103.341667,20.816667,900.0
-103.333333,20.816667,883.7
-103.325000,20.816667,522.1
-103.316667,20.816667,829.5
-103.308333,20.816667,824.8
-103.300000,20.816667,552.3
-103.291667,20.816667,643.4
-103.283333,20.816667,616.5
-103.275000,20.816667,476.3
-103.266667,20.816667,473.3
-103.258333,20.816667,603.4
-103.466667,20.808333,314.1
-103.458333,20.808333,288.6
-103.450000,20.808333,308.9
-103.441667,20.808333,350.5
-103.433333,20.808333,353.7
-103.425000,20.808333,347.0
-103.416667,20.808333,423.1
-103.408333,20.808333,452.5
-103.400000,20.808333,360.2
-103.391667,20.808333,560.3
-103.383333,20.808333,601.5
-103.375000,20.808333,554.2
-103.366667,20.808333,470.2
-103.358333,20.808333,485.2
-103.350000,20.808333,402.7
-103.341667,20.808333,900.0
-103.333333,20.808333,840.8
-103.325000,20.808333,735.1
-103.316667,20.808333,900.0
-103.308333,20.808333,745.2
-103.300000,20.808333,900.0
-103.291667,20.808333,712.5
-103.283333,20.808333,567.6
-103.275000,20.808333,591.3
-103.266667,20.808333,515.5
-103.258333,20.808333,580.8
-103.466667,20.800000,238.9
-103.458333,20.800000,181.6
-103.450000,20.800000,198.0
-103.441667,20.800000,262.9
-103.433333,20.800000,351.7
-103.425000,20.800000,304.2
-103.416667,20.800000,409.8
-103.408333,20.800000,323.2
-103.400000,20.800000,504.8
-103.391667,20.800000,435.5
-103.383333,20.800000,616.9
-103.375000,20.800000,619.7
-103.366667,20.800000,480.0
-103.358333,20.800000,259.0
-103.350000,20.800000,551.1
-103.341667,20.800000,900.0
-103.333333,20.800000,778.0
-103.325000,20.800000,626.8
-103.316667,20.800000,900.0
-103.308333,20.800000,846.0
-103.300000,20.800000,689.9
-103.291667,20.800000,830.8
-103.283333,20.800000,789.7
-103.275000,20.800000,696.0
-103.266667,20.800000,544.9
-103.258333,20.800000,557.9
-103.466667,20.791667,270.5
-103.458333,20.791667,282.0
-103.450000,20.791667,273.1
-103.441667,20.791667,274.2
-103.433333,20.791667,239.3
-103.425000,20.791667,306.0
-103.416667,20.791667,313.2
-103.408333,20.791667,295.2
-103.400000,20.791667,305.3
-103.391667,20.791667,562.3
-103.383333,20.791667,636.3
-103.375000,20.791667,504.0
-103.366667,20.791667,435.3
-103.358333,20.791667,482.4
-103.350000,20.791667,547.1
-103.341667,20.791667,791.3
-103.333333,20.791667,900.0
-103.325000,20.791667,487.8
-103.316667,20.791667,900.0
-103.308333,20.791667,900.0
-103.300000,20.791667,670.5
-103.291667,20.791667,598.1
-103.283333,20.791667,651.5
-103.275000,20.791667,560.9
-103.266667,20.791667,564.6
-103.258333,20.791667,520.1
-103.466667,20.783333,290.8
-103.458333,20.783333,295.6
-103.450000,20.783333,296.0
-103.441667,20.783333,327.2
-103.433333,20.783333,274.8
-103.425000,20.783333,233.0
-103.416667,20.783333,286.0
-103.408333,20.783333,338.6
-103.400000,20.783333,427.5
-103.391667,20.783333,498.8
-103.383333,20.783333,470.0
-103.375000,20.783333,476.3
-103.366667,20.783333,465.9
-103.358333,20.783333,685.5
-103.350000,20.783333,727.9
-103.341667,20.783333,877.3
-103.333333,20.783333,900.0
-103.325000,20.783333,873.0
-103.316667,20.783333,580.5
-103.308333,20.783333,900.0
-103.300000,20.783333,900.0
-103.291667,20.783333,687.8
-103.283333,20.783333,392.7
-103.275000,20.783333,354.1
-103.266667,20.783333,483.7
-103.258333,20.783333,508.6
-103.466667,20.775000,283.3
-103.458333,20.775000,282.5
-103.450000,20.775000,288.9
-103.441667,20.775000,349.5
-103.433333,20.775000,336.1
-103.425000,20.775000,360.1
-103.416667,20.775000,415.2
-103.408333,20.775000,422.7
-103.400000,20.775000,404.6
-103.391667,20.775000,486.0
-103.383333,20.775000,549.3
-103.375000,20.775000,542.9
-103.366667,20.775000,710.7
-103.358333,20.775000,666.3
-103.350000,20.775000,501.7
-103.341667,20.775000,759.6
-103.333333,20.775000,900.0
-103.325000,20.775000,900.0
-103.316667,20.775000,765.7
-103.308333,20.775000,698.7
-103.300000,20.775000,900.0
-103.291667,20.775000,740.7
-103.283333,20.775000,420.9
-103.275000,20.775000,262.7
-103.266667,20.775000,357.9
-103.258333,20.775000,547.7
-103.466667,20.766667,280.2
-103.458333,20.766667,273.1
-103.450000,20.766667,274.1
-103.441667,20.766667,302.4
-103.433333,20.766667,331.2
-103.425000,20.766667,403.0
-103.416667,20.766667,399.8
-103.408333,20.766667,423.9
-103.400000,20.766667,378.2
-103.391667,20.766667,371.1
-103.383333,20.766667,426.4
-103.375000,20.766667,520.2
-103.366667,20.766667,546.4
-103.358333,20.766667,381.3
-103.350000,20.766667,516.5
-103.341667,20.766667,500.9
-103.333333,20.766667,565.4
-103.325000,20.766667,874.5
-103.316667,20.766667,900.0
-103.308333,20.766667,563.5
-103.300000,20.766667,900.0
-103.291667,20.766667,756.5
-103.283333,20.766667,472.7
-103.275000,20.766667,363.2
-103.266667,20.766667,495.9
-103.258333,20.766667,693.1
-103.466667,20.758333,286.2
-103.458333,20.758333,275.0
-103.450000,20.758333,272.9
-103.441667,20.758333,272.9
-103.433333,20.758333,291.0
-103.425000,20.758333,349.0
-103.416667,20.758333,274.1
-103.408333,20.758333,406.9
-103.400000,20.758333,397.6
-103.391667,20.758333,324.7
-103.383333,20.758333,274.8
-103.375000,20.758333,355.6
-103.366667,20.758333,424.4
-103.358333,20.758333,511.0
-103.350000,20.758333,522.2
-103.341667,20.758333,470.2
-103.333333,20.758333,409.3
-103.325000,20.758333,833.4
-103.316667,20.758333,900.0
-103.308333,20.758333,591.7
-103.300000,20.758333,900.0
-103.291667,20.758333,900.0
-103.283333,20.758333,678.1
-103.275000,20.758333,561.8
-103.266667,20.758333,570.8
-103.258333,20.758333,798.1
-103.466667,20.750000,295.0
-103.458333,20.750000,278.6
-103.450000,20.750000,278.1
-103.441667,20.750000,282.2
-103.433333,20.750000,261.8
-103.425000,20.750000,258.8
-103.416667,20.750000,343.3
-103.408333,20.750000,368.6
-103.400000,20.750000,388.5
-103.391667,20.750000,370.0
-103.383333,20.750000,343.1
-103.375000,20.750000,373.6
-103.366667,20.750000,448.7
-103.358333,20.750000,477.6
-103.350000,20.750000,473.9
-103.341667,20.750000,469.3
-103.333333,20.750000,585.2
-103.325000,20.750000,781.4
-103.316667,20.750000,802.6
-103.308333,20.750000,679.5
-103.300000,20.750000,744.0
-103.291667,20.750000,900.0
-103.283333,20.750000,900.0
-103.275000,20.750000,801.3
-103.266667,20.750000,622.8
-103.258333,20.750000,703.0
-103.466667,20.741667,310.9
-103.458333,20.741667,292.4
-103.450000,20.741667,287.9
-103.441667,20.741667,296.5
-103.433333,20.741667,293.1
-103.425000,20.741667,265.3
-103.416667,20.741667,290.0
-103.408333,20.741667,337.8
-103.400000,20.741667,366.9
-103.391667,20.741667,364.3
-103.383333,20.741667,340.6
-103.375000,20.741667,325.9
-103.366667,20.741667,357.4
-103.358333,20.741667,396.3
-103.350000,20.741667,397.5
-103.341667,20.741667,480.4
-103.333333,20.741667,551.3
-103.325000,20.741667,552.1
-103.316667,20.741667,864.5
-103.308333,20.741667,900.0
-103.300000,20.741667,881.5
-103.291667,20.741667,371.6
-103.283333,20.741667,900.0
-103.275000,20.741667,900.0
-103.266667,20.741667,900.0
-103.258333,20.741667,754.5
-103.466667,20.733333,318.5
-103.458333,20.733333,305.5
-103.450000,20.733333,297.5
-103.441667,20.733333,297.9
-103.433333,20.733333,307.2
-103.425000,20.733333,302.3
-103.416667,20.733333,330.0
-103.408333,20.733333,370.7
-103.400000,20.733333,350.3
-103.391667,20.733333,342.0
-103.383333,20.733333,327.5
-103.375000,20.733333,318.6
-103.366667,20.733333,335.9
-103.358333,20.733333,328.4
-103.350000,20.733333,355.5
-103.341667,20.733333,436.3
-103.333333,20.733333,471.3
-103.325000,20.733333,599.2
-103.316667,20.733333,555.0
-103.308333,20.733333,692.8
-103.300000,20.733333,900.0
-103.291667,20.733333,900.0
-103.283333,20.733333,546.0
-103.275000,20.733333,899.8
-103.266667,20.733333,900.0
-103.258333,20.733333,900.0
-103.466667,20.725000,311.3
-103.458333,20.725000,307.1
-103.450000,20.725000,299.2
-103.441667,20.725000,328.8
-103.433333,20.725000,352.9
-103.425000,20.725000,355.0
-103.416667,20.725000,385.8
-103.408333,20.725000,382.6
-103.400000,20.725000,333.9
-103.391667,20.725000,319.6
-103.383333,20.725000,363.4
-103.375000,20.725000,343.7
-103.366667,20.725000,336.8
-103.358333,20.725000,331.1
-103.350000,20.725000,317.5
-103.341667,20.725000,298.9
-103.333333,20.725000,391.4
-103.325000,20.725000,419.9
-103.316667,20.725000,340.2
-103.308333,20.725000,395.9
-103.300000,20.725000,574.8
-103.291667,20.725000,900.0
-103.283333,20.725000,900.0
-103.275000,20.725000,489.4
-103.266667,20.725000,591.1
-103.258333,20.725000,471.3
-103.466667,20.716667,286.5
-103.458333,20.716667,319.2
-103.450000,20.716667,321.0
-103.441667,20.716667,345.7
-103.433333,20.716667,368.6
-103.425000,20.716667,400.0
-103.416667,20.716667,405.5
-103.408333,20.716667,334.2
-103.400000,20.716667,310.3
-103.391667,20.716667,358.2
-103.383333,20.716667,353.5
-103.375000,20.716667,324.3
-103.366667,20.716667,296.6
-103.358333,20.716667,294.8
-103.350000,20.716667,322.1
-103.341667,20.716667,280.1
-103.333333,20.716667,346.1
-103.325000,20.716667,379.6
-103.316667,20.716667,352.3
-103.308333,20.716667,360.9
-103.300000,20.716667,362.8
-103.291667,20.716667,900.0
-103.283333,20.716667,900.0
-103.275000,20.716667,613.4
-103.266667,20.716667,735.6
-103.258333,20.716667,501.1
-103.466667,20.708333,200.4
-103.458333,20.708333,287.3
-103.450000,20.708333,327.5
-103.441667,20.708333,363.6
-103.433333,20.708333,399.0
-103.425000,20.708333,408.9
-103.416667,20.708333,394.8
-103.408333,20.708333,380.8
-103.400000,20.708333,343.1
-103.391667,20.708333,299.2
-103.383333,20.708333,281.2
-103.375000,20.708333,314.6
-103.366667,20.708333,344.1
-103.358333,20.708333,341.8
-103.350000,20.708333,347.5
-103.341667,20.708333,325.9
-103.333333,20.708333,307.7
-103.325000,20.708333,344.8
-103.316667,20.708333,366.8
-103.308333,20.708333,354.1
-103.300000,20.708333,288.1
-103.291667,20.708333,596.7
-103.283333,20.708333,900.0
-103.275000,20.708333,900.0
-103.266667,20.708333,460.0
-103.258333,20.708333,606.3
-103.466667,20.700000,268.7
-103.458333,20.700000,205.9
-103.450000,20.700000,298.5
-103.441667,20.700000,379.9
-103.433333,20.700000,406.7
-103.425000,20.700000,375.1
-103.416667,20.700000,398.4
-103.408333,20.700000,409.1
-103.400000,20.700000,406.5
-103.391667,20.700000,392.6
-103.383333,20.700000,365.2
-103.375000,20.700000,364.0
-103.366667,20.700000,356.4
-103.358333,20.700000,354.3
-103.350000,20.700000,358.2
-103.341667,20.700000,324.5
-103.333333,20.700000,306.4
-103.325000,20.700000,332.4
-103.316667,20.700000,347.0
-103.308333,20.700000,361.8
-103.300000,20.700000,280.5
-103.291667,20.700000,419.8
-103.283333,20.700000,577.4
-103.275000,20.700000,900.0
-103.266667,20.700000,900.0
-103.258333,20.700000,700.7
-103.466667,20.691667,282.9
-103.458333,20.691667,270.5
-103.450000,20.691667,283.0
-103.441667,20.691667,354.7
-103.433333,20.691667,356.2
-103.425000,20.691667,356.8
-103.416667,20.691667,351.4
-103.408333,20.691667,371.8
-103.400000,20.691667,374.9
-103.391667,20.691667,377.7
-103.383333,20.691667,358.0
-103.375000,20.691667,314.9
-103.366667,20.691667,306.7
-103.358333,20.691667,317.0
-103.350000,20.691667,335.4
-103.341667,20.691667,333.7
-103.333333,20.691667,278.0
-103.325000,20.691667,310.2
-103.316667,20.691667,325.8
-103.308333,20.691667,340.8
-103.300000,20.691667,278.1
-103.291667,20.691667,358.4
-103.283333,20.691667,373.4
-103.275000,20.691667,466.6
-103.266667,20.691667,618.2
-103.258333,20.691667,756.2
-103.466667,20.683333,480.9
-103.458333,20.683333,316.5
-103.450000,20.683333,309.4
-103.441667,20.683333,345.2
-103.433333,20.683333,324.6
-103.425000,20.683333,325.9
-103.416667,20.683333,331.4
-103.408333,20.683333,328.6
-103.400000,20.683333,318.1
-103.391667,20.683333,320.4
-103.383333,20.683333,324.6
-103.375000,20.683333,319.0
-103.366667,20.683333,311.3
-103.358333,20.683333,286.5
-103.350000,20.683333,285.5
-103.341667,20.683333,308.5
-103.333333,20.683333,281.2
-103.325000,20.683333,318.1
-103.316667,20.683333,327.1
-103.308333,20.683333,289.8
-103.300000,20.683333,277.7
-103.291667,20.683333,276.9
-103.283333,20.683333,336.1
-103.275000,20.683333,325.3
-103.266667,20.683333,320.1
-103.258333,20.683333,393.3
-103.466667,20.675000,588.8
-103.458333,20.675000,466.5
-103.450000,20.675000,344.6
-103.441667,20.675000,379.8
-103.433333,20.675000,338.3
-103.425000,20.675000,314.1
-103.416667,20.675000,306.8
-103.408333,20.675000,317.4
-103.400000,20.675000,329.4
-103.391667,20.675000,324.5
-103.383333,20.675000,315.9
-103.375000,20.675000,320.0
-103.366667,20.675000,321.3
-103.358333,20.675000,298.7
-103.350000,20.675000,277.2
-103.341667,20.675000,236.0
-103.333333,20.675000,284.1
-103.325000,20.675000,310.9
-103.316667,20.675000,282.0
-103.308333,20.675000,217.5
-103.300000,20.675000,247.7
-103.291667,20.675000,261.4
-103.283333,20.675000,216.3
-103.275000,20.675000,301.2
-103.266667,20.675000,257.2
-103.258333,20.675000,286.7
-103.466667,20.666667,645.2
-103.458333,20.666667,567.5
-103.450000,20.666667,494.1
-103.441667,20.666667,390.3
-103.433333,20.666667,344.8
-103.425000,20.666667,321.1
-103.416667,20.666667,315.7
-103.408333,20.666667,312.5
-103.400000,20.666667,309.7
-103.391667,20.666667,318.3
-103.383333,20.666667,326.5
-103.375000,20.666667,328.0
-103.366667,20.666667,332.1
-103.358333,20.666667,311.2
-103.350000,20.666667,255.2
-103.341667,20.666667,225.2
-103.333333,20.666667,262.8
-103.325000,20.666667,282.4
-103.316667,20.666667,266.6
-103.308333,20.666667,231.6
-103.300000,20.666667,211.6
-103.291667,20.666667,243.4
-103.283333,20.666667,240.9
-103.275000,20.666667,279.6
-103.266667,20.666667,230.5
-103.258333,20.666667,303.0
-103.466667,20.658333,292.1
-103.458333,20.658333,688.8
-103.450000,20.658333,582.5
-103.441667,20.658333,348.3
-103.433333,20.658333,335.1
-103.425000,20.658333,327.3
-103.416667,20.658333,323.7
-103.408333,20.658333,315.2
-103.400000,20.658333,303.6
-103.391667,20.658333,303.4
-103.383333,20.658333,319.1
-103.375000,20.658333,321.1
-103.366667,20.658333,321.8
-103.358333,20.658333,313.9
-103.350000,20.658333,274.0
-103.341667,20.658333,204.7
-103.333333,20.658333,253.0
-103.325000,20.658333,296.6
-103.316667,20.658333,308.7
-103.308333,20.658333,263.5
-103.300000,20.658333,271.7
-103.291667,20.658333,251.2
-103.283333,20.658333,227.3
-103.275000,20.658333,250.6
-103.266667,20.658333,262.7
-103.258333,20.658333,301.0
