building_id,resident_population
san_jose_1000009,0.4806
san_jose_1219,1.3042
san_jose_1000010,0.2445
san_jose_1221,2.9580
san_jose_1222,2.7359
san_jose_1223,0.4503
san_jose_1000011,0.2993
san_jose_1225,1.9370
san_jose_1226,1.3505
san_jose_1227,3.0594
san_jose_1000012,1.5214
san_jose_1229,2.3270
san_jose_1230,2.3898
san_jose_1000013,0.4373
san_jose_1232,1.7364
san_jose_1233,1.3132
san_jose_1234,0.4421
san_jose_1235,0.4884
san_jose_1236,0.4719
san_jose_1000014,0.6647
san_jose_1239,0.3953
san_jose_1240,0.4517
san_jose_1241,0.4205
san_jose_1242,1.1856
san_jose_1243,0.5262
san_jose_1244,3.1139
san_jose_1245,4.8477
san_jose_1246,1.0998
san_jose_1248,0.4648
san_jose_1001248,0.8768
san_jose_1000015,0.5564
san_jose_1251,0.7461
san_jose_1001251,0.3400
san_jose_1000016,0.8927
san_jose_1253,0.4527
san_jose_1254,0.4184
san_jose_1255,0.4500
san_jose_1256,1.4223
san_jose_1257,0.3745
san_jose_1000017,0.3822
san_jose_1259,0.6716
san_jose_1260,0.4698
san_jose_1261,0.3093
san_jose_1262,1.1740
san_jose_1263,6.7888
san_jose_1264,0.9631
san_jose_1265,0.9631
san_jose_1266,0.5984
san_jose_1267,0.1750
san_jose_1268,0.2655
san_jose_1000018,1.3188
san_jose_1270,1.0333
san_jose_1271,1.0445
san_jose_1272,1.4299
san_jose_1274,1.0674
san_jose_1275,0.6496
san_jose_1276,1.9452
san_jose_1277,0.5810
san_jose_1278,2.1823
san_jose_1279,4.6126
san_jose_1280,1.7772
san_jose_1281,1.6231
san_jose_1282,0.7098
san_jose_1283,0.4693
san_jose_1284,1.5802
san_jose_1285,3.8537
san_jose_1286,1.7775
san_jose_1287,0.8768
san_jose_1000019,0.4911
san_jose_1289,3.8590
san_jose_1000020,0.5643
san_jose_1291,1.7368
san_jose_1292,1.0762
san_jose_1293,0.2955
san_jose_1294,0.7515
san_jose_1295,1.5897
san_jose_1296,0.3799
san_jose_1297,1.1828
san_jose_1298,0.8711
san_jose_1299,0.9338
san_jose_1300,0.4837
san_jose_1301,0.5800
san_jose_1302,0.5132
san_jose_1303,0.7251
san_jose_1304,3.3044
san_jose_1000021,0.2938
san_jose_1306,0.3535
san_jose_1307,1.9647
san_jose_1308,27.3843
san_jose_1309,0.5509
san_jose_1310,1.0200
san_jose_1311,0.6399
san_jose_1312,1.2684
san_jose_1313,0.6583
san_jose_1314,0.7178
san_jose_1000022,0.6765
san_jose_1316,0.9783
san_jose_1317,1.1167
san_jose_1318,1.0266
san_jose_1319,0.4504
san_jose_1320,0.7361
san_jose_1321,2.9972
san_jose_1322,2.1433
san_jose_1000023,1.5115
san_jose_1324,0.3284
san_jose_1326,0.4059
san_jose_1327,0.4172
san_jose_1328,1.5101
san_jose_1329,0.3272
san_jose_1000024,0.8069
san_jose_1331,0.9612
san_jose_1332,0.4012
san_jose_1333,2.0673
san_jose_1335,2.4194
san_jose_1000025,0.7542
san_jose_1338,0.2973
san_jose_1339,1.7079
san_jose_1340,0.3006
san_jose_1341,0.4418
san_jose_1342,0.8401
san_jose_1343,1.3387
san_jose_1344,0.9579
san_jose_1345,0.9600
san_jose_1346,0.5721
san_jose_1347,0.2072
san_jose_1348,1.6531
san_jose_1349,1.2619
san_jose_1350,1.6895
san_jose_1352,0.7544
san_jose_1353,3.3832
san_jose_1354,0.6707
san_jose_1355,0.7567
san_jose_1356,1.4636
san_jose_1357,0.4192
san_jose_1358,2.1048
san_jose_1359,0.9345
san_jose_1360,0.5875
san_jose_1361,2.7961
san_jose_1000026,1.8780
san_jose_1363,2.6809
san_jose_1364,0.2637
san_jose_1366,3.6410
san_jose_1367,0.3120
san_jose_1368,0.4871
san_jose_1369,1.7571
san_jose_1370,0.7054
san_jose_1371,5.4284
san_jose_1372,0.7429
san_jose_1373,0.3380
san_jose_1374,0.9212
san_jose_1375,0.2604
san_jose_1376,0.9597
san_jose_1377,1.2231
san_jose_1378,1.5563
san_jose_1000027,0.6543
san_jose_1380,1.8008
san_jose_1382,1.5711
san_jose_1383,0.4426
san_jose_1384,0.5688
san_jose_1385,0.5225
san_jose_1386,3.1404
san_jose_1000034,0.7137
san_jose_1388,1.6564
san_jose_1389,1.3590
san_jose_1391,0.4742
san_jose_1392,0.3746
san_jose_1393,2.4979
san_jose_1395,0.7880
san_jose_1396,1.5577
san_jose_1398,0.7390
san_jose_1399,1.3340
san_jose_1400,0.4728
san_jose_1401,1.2928
san_jose_1402,1.7663
san_jose_1403,0.6260
san_jose_1404,2.3251
san_jose_1000035,0.3221
san_jose_1406,2.3062
san_jose_1407,0.8400
san_jose_1408,2.1818
san_jose_1409,0.3919
san_jose_1410,0.6192
san_jose_1411,2.0885
san_jose_1412,2.6106
san_jose_1413,3.7373
san_jose_1414,7.5207
san_jose_1415,3.7134
san_jose_1416,5.7356
san_jose_1417,2.6585
san_jose_1418,5.0290
san_jose_1419,0.7995
san_jose_1420,1.3269
san_jose_1421,2.1098
san_jose_1422,1.0297
san_jose_1423,1.0700
san_jose_1427,1.3619
san_jose_1428,8.0937
san_jose_1000036,1.0982
san_jose_1431,1.4782
san_jose_1432,1.4269
san_jose_1433,0.7711
san_jose_1434,2.6930
san_jose_1435,0.5194
san_jose_1436,1.9220
san_jose_1437,1.9682
san_jose_1438,0.9044
san_jose_1440,1.4827
san_jose_1441,0.5611
san_jose_1442,0.4849
san_jose_1443,0.8315
san_jose_1444,0.6871
san_jose_1448,0.8365
san_jose_1449,0.4816
san_jose_1000038,2.4319
san_jose_1452,1.4563
san_jose_1453,0.7072
san_jose_1455,0.7259
san_jose_1000039,0.6639
san_jose_1457,0.9966
san_jose_1458,0.7142
san_jose_1459,1.9771
san_jose_1461,4.0263
san_jose_1000040,2.1797
san_jose_1463,0.6661
san_jose_1464,1.2159
san_jose_1465,0.7679
san_jose_1466,1.2507
san_jose_1467,1.2174
san_jose_1000041,0.5073
san_jose_1000043,0.4304
san_jose_1000044,0.2165
san_jose_1471,1.4077
san_jose_1472,0.2973
san_jose_1000045,0.4482
san_jose_1000046,0.2500
san_jose_1000047,0.3452
san_jose_1000048,0.3435
san_jose_1000049,0.4340
san_jose_1478,0.4729
san_jose_1479,0.6011
san_jose_1480,1.1797
san_jose_1000050,0.4947
san_jose_1482,1.9214
san_jose_1483,2.2077
san_jose_1000051,2.2860
san_jose_1485,1.5916
san_jose_1486,3.1765
san_jose_1487,1.9761
san_jose_1489,1.4008
san_jose_1493,1.2772
san_jose_1494,1.6383
san_jose_1495,0.6834
san_jose_1496,1.3316
san_jose_1497,1.0087
san_jose_1498,1.0540
san_jose_1500,1.2424
san_jose_1000052,3.1445
san_jose_1000053,0.2286
san_jose_1001505,1.1141
san_jose_1506,1.6062
san_jose_1507,0.7355
san_jose_1508,1.5034
san_jose_1509,1.9678
san_jose_1510,0.9620
san_jose_1512,1.5787
san_jose_1488,1.9219
san_jose_1000054,2.0096
san_jose_1516,1.6113
san_jose_1000055,0.2893
san_jose_1518,2.2799
san_jose_1519,2.2814
san_jose_1000056,0.5642
san_jose_1000057,0.7711
san_jose_1523,0.4275
san_jose_1000058,0.4966
san_jose_1525,0.8828
san_jose_1000059,0.5118
san_jose_1528,1.4255
san_jose_1000060,0.5418
san_jose_1530,2.2675
san_jose_1000061,0.2973
san_jose_1000062,0.3974
san_jose_1000063,0.6877
san_jose_1534,0.8492
san_jose_1535,0.7123
san_jose_1536,0.9493
san_jose_1537,4.0731
san_jose_1538,1.6704
san_jose_1000064,1.6874
san_jose_1540,1.3646
san_jose_1541,0.7351
san_jose_1543,1.2502
san_jose_1544,2.3716
san_jose_1000065,0.1603
san_jose_1000066,1.2035
san_jose_1548,1.0287
san_jose_1549,1.6720
san_jose_1000067,0.7218
san_jose_1000068,3.0165
san_jose_1000069,11.1193
san_jose_1554,0.6063
san_jose_1556,0.9136
san_jose_1559,1.0872
san_jose_1000070,1.5957
san_jose_1561,1.6818
san_jose_1562,2.7042
san_jose_1563,0.8928
san_jose_1566,0.9829
san_jose_1001566,0.3295
san_jose_1567,1.0095
san_jose_1568,2.5324
san_jose_1572,1.9701
san_jose_1573,1.1679
san_jose_1576,0.8252
san_jose_1577,1.0462
san_jose_1578,1.3409
san_jose_1580,0.2842
san_jose_1582,0.9460
san_jose_1586,0.5696
san_jose_1587,0.6740
san_jose_1588,2.0150
san_jose_1000071,3.0910
san_jose_1000072,0.2816
san_jose_1595,0.6654
san_jose_1596,0.8681
san_jose_1000073,0.2076
san_jose_1000074,0.2212
san_jose_1000075,0.2310
san_jose_1600,0.5451
san_jose_1603,0.5152
san_jose_1604,1.0926
san_jose_1609,0.5730
san_jose_1610,0.7775
san_jose_1616,0.5005
san_jose_1000076,0.9940
san_jose_1618,0.8599
san_jose_1000077,3.7286
san_jose_1621,1.4047
san_jose_1622,0.4442
san_jose_1627,0.7439
san_jose_1628,0.3664
san_jose_1630,0.1942
san_jose_1632,0.6247
san_jose_1633,1.9905
san_jose_1634,0.6632
san_jose_1635,1.2284
san_jose_1636,0.9023
san_jose_1637,0.8245
san_jose_1638,0.6571
san_jose_1640,0.2379
san_jose_1641,0.8485
san_jose_1000078,3.6453
san_jose_1645,0.8745
san_jose_1646,0.4977
san_jose_1652,1.6694
san_jose_1653,2.0263
san_jose_1655,2.6125
san_jose_1656,6.1856
san_jose_1000079,2.9901
san_jose_1661,1.5365
san_jose_1663,0.5277
san_jose_1000080,1.2327
san_jose_1000081,3.6305
san_jose_1667,0.4944
san_jose_1668,3.0322
san_jose_1669,0.6041
san_jose_1670,1.0099
san_jose_1671,1.1040
san_jose_1673,0.2345
san_jose_1001673,0.1359
san_jose_1675,0.4004
san_jose_1678,0.1792
san_jose_1681,0.9931
san_jose_1683,1.8201
san_jose_1684,0.7807
san_jose_1688,0.6347
san_jose_1689,1.0800
san_jose_1000082,0.5856
san_jose_1692,19.0020
san_jose_1693,1.3635
san_jose_1694,0.9159
san_jose_1695,0.3825
san_jose_1697,0.6964
san_jose_1698,0.3581
san_jose_1700,0.3966
san_jose_1701,0.4205
san_jose_1702,1.7446
san_jose_1000083,1.0234
san_jose_1707,0.6572
san_jose_1708,0.4039
san_jose_1710,5.0817
san_jose_1711,0.4285
san_jose_1712,0.4696
san_jose_1714,1.4687
san_jose_1717,0.4564
san_jose_1718,0.1341
san_jose_1719,1.3597
san_jose_1723,0.8196
san_jose_1727,0.7516
san_jose_1730,0.3684
san_jose_1731,1.5299
san_jose_1732,0.6103
san_jose_1733,0.9082
san_jose_1000084,1.2633
san_jose_1737,0.7181
san_jose_1738,0.4822
san_jose_1743,2.0610
san_jose_1747,1.8117
san_jose_1752,0.5780
san_jose_1756,0.6927
san_jose_1000085,0.0572
san_jose_1772,2.3425
san_jose_1776,3.3030
san_jose_1778,1.1449
san_jose_1779,1.9284
san_jose_1624,0.5243
san_jose_1000086,0.3031
san_jose_1782,1.4014
san_jose_1783,0.6008
san_jose_1784,2.3575
san_jose_1785,1.1897
san_jose_1000087,2.2755
san_jose_1787,2.3673
san_jose_1788,2.7736
san_jose_1790,0.6303
san_jose_1793,6.7417
san_jose_1796,1.7330
san_jose_1797,0.5555
san_jose_1798,1.4736
san_jose_1800,1.1168
san_jose_1801,0.5826
san_jose_1803,1.0171
san_jose_1807,2.1249
san_jose_1810,6.1816
san_jose_1811,4.3060
san_jose_1000088,0.6866
san_jose_1813,1.8747
san_jose_1814,0.7747
san_jose_1815,0.5785
san_jose_1000089,6.0116
san_jose_1000090,0.0632
san_jose_1820,1.9648
san_jose_1822,11.0516
san_jose_1824,1.2180
san_jose_1825,2.5201
san_jose_1826,2.0567
san_jose_1829,0.3342
san_jose_1830,1.3751
san_jose_1832,2.8321
san_jose_1835,1.6489
san_jose_1837,7.2710
san_jose_1839,1.7091
san_jose_1842,0.9814
san_jose_1844,0.5840
san_jose_1845,1.4821
san_jose_1847,0.0937
san_jose_1848,2.0733
san_jose_1849,5.3290
san_jose_1000091,1.7324
san_jose_1852,0.1958
san_jose_1853,0.0774
san_jose_1855,0.7766
san_jose_1000092,1.9007
san_jose_1000093,1.5071
san_jose_1859,0.0758
san_jose_1860,0.6657
san_jose_1861,0.1665
san_jose_1862,0.0828
san_jose_1863,1.4273
san_jose_1864,2.2194
san_jose_1000094,5.4596
san_jose_1873,0.4337
san_jose_1871,6.6221
san_jose_1000095,0.7266
san_jose_1000096,0.9339
san_jose_1879,1.7185
san_jose_1883,1.4954
san_jose_1885,2.4346
san_jose_1892,3.0510
san_jose_1896,0.0522
san_jose_1897,0.7966
san_jose_1898,0.0460
san_jose_1907,0.2402
san_jose_1910,0.2203
san_jose_1916,17.3291
san_jose_1000097,3.5555
san_jose_1000098,12.3874
san_jose_1922,2.9767
san_jose_1924,1.0610
san_jose_1926,5.0302
san_jose_1927,0.6256
san_jose_1000099,5.5070
san_jose_1934,0.7460
san_jose_1935,0.6818
san_jose_1952,1.4557
san_jose_1953,9.7220
san_jose_1955,1.4974
san_jose_1966,1.0048
san_jose_1000100,0.3957
san_jose_1970,17.3604
san_jose_1973,1.4145
san_jose_1981,0.9548
san_jose_1982,2.2320
san_jose_1983,14.1252
san_jose_1990,0.9634
san_jose_1995,4.7449
san_jose_1000101,0.4351
san_jose_1999,1.9598
san_jose_2001,0.5814
san_jose_2005,0.6779
san_jose_2012,0.7776
san_jose_2018,0.9681
san_jose_1000102,0.3233
san_jose_1000103,0.2172
san_jose_2035,1.4835
san_jose_2036,0.7326
san_jose_2037,0.7761
san_jose_1904,0.1799
san_jose_1000104,0.3374
san_jose_1000105,0.5730
san_jose_1000106,0.6114
san_jose_2049,0.9015
san_jose_2050,0.3648
san_jose_2053,0.6798
san_jose_2055,0.5379
san_jose_2063,0.9681
san_jose_2064,0.8280
san_jose_2065,0.7959
san_jose_2066,0.3447
san_jose_2067,0.8889
san_jose_1000107,0.7261
san_jose_2072,0.1481
san_jose_1000108,1.0017
san_jose_1000109,0.4609
san_jose_2083,1.0720
san_jose_1000110,1.0995
san_jose_1000111,0.8020
san_jose_2089,1.6814
san_jose_2091,1.0940
san_jose_1000112,4.2930
san_jose_2097,0.1952
san_jose_1000113,0.1087
san_jose_1000114,0.5429
san_jose_1000115,0.9135
san_jose_2113,0.0662
san_jose_2116,1.0624
san_jose_2117,11.2930
san_jose_1000117,1.6251
san_jose_1000118,0.1108
san_jose_1000119,1.0297
san_jose_2127,1.0043
san_jose_1000120,0.5353
san_jose_2131,0.9425
san_jose_1000121,0.4122
san_jose_2135,0.0668
san_jose_2136,0.3778
san_jose_2138,0.0592
san_jose_1000122,0.1036
san_jose_2141,0.6265
san_jose_2142,0.0561
san_jose_2143,0.0589
san_jose_2145,1.0780
san_jose_2149,0.9433
san_jose_2150,0.1506
san_jose_1000123,0.0885
san_jose_2156,0.0704
san_jose_2159,0.8452
san_jose_2160,0.6020
san_jose_1000124,0.4511
san_jose_1000125,0.4131
san_jose_1000126,0.5912
san_jose_1000127,0.5351
san_jose_2177,1.1128
san_jose_2178,0.9470
san_jose_2180,0.0704
san_jose_1000128,0.5115
san_jose_2183,0.9623
san_jose_1000129,0.8105
san_jose_1000130,0.2922
san_jose_2195,0.5757
san_jose_1000131,0.2948
san_jose_1000132,0.6944
san_jose_1000133,0.5046
san_jose_1000134,0.5794
san_jose_2208,0.0734
san_jose_2209,0.9750
san_jose_1000135,0.5313
san_jose_1000136,0.8325
san_jose_1000137,0.3844
san_jose_2214,0.3584
san_jose_2216,0.6166
san_jose_1000138,2.1544
san_jose_2218,0.3625
san_jose_1000139,0.5382
san_jose_2223,13.0011
san_jose_1000140,0.4719
san_jose_1000141,0.5691
san_jose_1000142,0.5918
san_jose_1000143,0.2578
san_jose_1000144,4.4388
san_jose_2244,1.1876
san_jose_2245,0.5455
san_jose_2254,0.0695
san_jose_2256,0.1052
san_jose_1000145,0.0423
san_jose_2266,2.1296
san_jose_2271,0.8747
san_jose_1000146,0.3891
san_jose_1000147,0.2303
san_jose_1000148,0.6009
san_jose_1000149,0.5679
san_jose_1000150,0.5422
san_jose_1000151,0.5157
san_jose_1000152,0.5724
san_jose_1000153,0.5412
san_jose_1000154,0.5773
san_jose_1000155,0.5328
san_jose_1000156,0.4834
san_jose_1000157,0.5242
san_jose_1000158,0.5384
san_jose_2306,1.9385
san_jose_1000159,0.3384
san_jose_1000160,0.4227
san_jose_2310,0.9873
san_jose_1000161,0.3760
san_jose_1000162,0.4194
san_jose_1000163,0.3804
san_jose_2320,0.2949
san_jose_1000164,0.3919
san_jose_2327,1.4064
san_jose_2330,17.7749
san_jose_2337,13.9398
san_jose_2345,0.2639
san_jose_2346,0.6102
san_jose_2358,0.1459
san_jose_2360,2.7928
san_jose_2368,1.5342
san_jose_1000165,10.6915
san_jose_2372,5.4432
san_jose_2376,1.4965
san_jose_2379,4.7300
san_jose_2387,20.3031
san_jose_2408,3.7242
san_jose_1000166,0.6767
san_jose_2422,0.8057
san_jose_2436,1.6694
san_jose_2445,1.9749
san_jose_3613,1.1936
san_jose_3614,0.9989
san_jose_3615,1.5079
san_jose_3616,3.1849
san_jose_3617,5.1320
san_jose_3618,2.9378
san_jose_3619,1.9033
san_jose_3620,3.8841
san_jose_3622,7.4964
san_jose_3623,0.7515
san_jose_3624,0.6709
san_jose_3625,2.2757
san_jose_3626,1.4068
san_jose_3627,1.2267
san_jose_1000167,0.2155
san_jose_3629,1.0282
san_jose_3630,1.8366
san_jose_3631,1.8544
san_jose_3632,0.4754
san_jose_3633,0.9511
san_jose_3634,2.0551
san_jose_3635,1.8256
san_jose_3636,1.9164
san_jose_3637,1.8703
san_jose_3638,0.4400
san_jose_1000168,0.0568
san_jose_3641,13.4340
san_jose_3642,7.0281
san_jose_3643,2.1699
san_jose_3644,1.7243
san_jose_1000169,1.8246
san_jose_3646,1.1968
san_jose_1000170,1.2100
san_jose_3648,0.3470
san_jose_1000171,1.8259
san_jose_3652,1.7235
san_jose_1000172,0.0852
san_jose_3654,10.9176
san_jose_3655,0.8511
san_jose_3656,0.6552
san_jose_3657,0.3683
san_jose_3658,0.1844
san_jose_1000173,0.3825
san_jose_3660,1.3967
san_jose_3661,1.7974
san_jose_1000174,0.9119
san_jose_1000175,0.5469
san_jose_1000176,1.1788
san_jose_3665,1.0711
san_jose_1000177,0.2054
san_jose_1000178,0.4394
san_jose_3668,0.4211
san_jose_4232,0.7502
san_jose_3670,0.9606
san_jose_1000179,0.2273
san_jose_1000180,0.4571
san_jose_1000181,0.5842
san_jose_3674,2.9746
san_jose_3675,0.3771
san_jose_1000182,0.2558
san_jose_3677,1.1995
san_jose_3678,0.1652
san_jose_3680,0.7660
san_jose_3681,0.5350
san_jose_3682,0.5782
san_jose_3683,1.2092
san_jose_3684,0.6267
san_jose_3685,1.2771
san_jose_3686,2.0426
san_jose_3687,1.9753
san_jose_3688,1.2458
san_jose_1000183,2.3802
san_jose_3692,4.2325
san_jose_3693,1.9243
san_jose_3696,2.8311
san_jose_3697,7.8439
san_jose_1000184,1.9194
san_jose_3699,4.4880
san_jose_3700,0.4863
san_jose_3701,4.1969
san_jose_3703,0.4829
san_jose_3704,0.7393
san_jose_3705,0.7327
san_jose_1000185,0.6935
san_jose_3707,0.4273
san_jose_3708,0.4703
san_jose_3709,0.8497
san_jose_3710,0.3935
san_jose_3711,0.8967
san_jose_3712,0.4736
san_jose_3713,0.4658
san_jose_3714,0.4724
san_jose_3715,0.3930
san_jose_3716,0.4927
san_jose_3717,0.7282
san_jose_3718,0.4772
san_jose_3719,0.4295
san_jose_3720,0.4566
san_jose_3721,1.1933
san_jose_3722,3.6568
san_jose_3723,0.4317
san_jose_1000186,0.5434
san_jose_3725,1.0081
san_jose_3726,0.9038
san_jose_4133,4.5905
san_jose_4138,3.8674
san_jose_1000187,0.5978
san_jose_1000188,0.4073
san_jose_1000189,0.3979
san_jose_4143,0.8052
san_jose_4163,0.0722
san_jose_4164,0.9231
san_jose_4165,0.5845
san_jose_4166,0.8046
san_jose_4167,0.6992
san_jose_4168,0.6504
san_jose_4171,0.5128
san_jose_4172,0.4261
san_jose_4174,0.6127
san_jose_4176,8.7973
san_jose_4177,3.5588
san_jose_4179,4.8460
san_jose_4180,0.3195
san_jose_4117,2.9734
san_jose_2318,0.6599
san_jose_4184,2.9890
san_jose_4185,0.1033
san_jose_4186,0.1327
san_jose_1000190,0.1464
san_jose_4188,19.1125
san_jose_1000191,0.5876
san_jose_1000192,1.2886
san_jose_4195,0.5892
san_jose_4196,0.1194
san_jose_4197,0.4377
san_jose_4198,0.3961
san_jose_4199,0.2668
san_jose_4201,0.0625
san_jose_4202,0.0487
san_jose_1000193,2.2954
san_jose_4210,0.8967
san_jose_4211,0.9506
san_jose_4212,1.1667
san_jose_4213,2.0970
san_jose_4214,2.4834
san_jose_4216,1.8970
san_jose_4217,0.9118
san_jose_4218,0.8464
san_jose_1000194,0.5553
san_jose_4222,3.7860
san_jose_4223,3.2258
san_jose_4224,0.4956
san_jose_4225,2.0791
san_jose_1000195,0.4468
san_jose_4228,0.1602
san_jose_4230,0.6398
san_jose_4231,0.5199
san_jose_1000196,0.1745
san_jose_4235,1.3817
san_jose_4238,0.2347
san_jose_4239,0.3124
san_jose_4240,0.4734
san_jose_1000197,0.1844
san_jose_1000198,0.1951
san_jose_4246,0.3839
san_jose_4249,1.2069
san_jose_4251,0.4262
san_jose_4252,0.2822
san_jose_4255,1.3688
san_jose_4256,0.7583
san_jose_4257,1.0156
san_jose_4258,0.8319
san_jose_4259,0.5483
san_jose_1000199,0.2674
san_jose_4262,0.1929
san_jose_4291,0.2289
san_jose_1000200,0.2085
san_jose_1000201,1.3670
san_jose_1000202,2.6488
san_jose_4297,3.3810
san_jose_4299,15.6847
san_jose_4300,1.5313
san_jose_4301,0.3465
san_jose_4302,0.8194
san_jose_1000203,0.7629
san_jose_4305,0.2742
san_jose_4316,9.9730
san_jose_4329,6.5979
san_jose_2169,5.3060
san_jose_2432,1.0524
san_jose_3690,1.0176
san_jose_3691,1.4688
san_jose_4317,16.9449
san_jose_4318,15.3536
san_jose_1000204,1.3210
san_jose_1764,8.0634
san_jose_1000205,0.3480
san_jose_1000206,0.2832
san_jose_1000207,0.9062
san_jose_1000208,0.7891
san_jose_1336,2.1672
san_jose_4306,0.3962
san_jose_1002436,0.2551
san_jose_2417,13.5959
san_jose_4182,0.0549
san_jose_1000209,0.1352
san_jose_1000210,0.1057
san_jose_1895,0.2839
san_jose_1920,0.1688
san_jose_1805,2.1763
san_jose_1841,0.6775
san_jose_3649,2.2908
san_jose_3650,0.7584
san_jose_1001873,0.8236
san_jose_1682,0.8004
san_jose_4260,0.8440
san_jose_1000211,0.1365
san_jose_1000212,0.3347
san_jose_1000213,0.2809
san_jose_1000214,0.2979
san_jose_1000215,0.1477
san_jose_1000216,0.0905
san_jose_4253,5.5028
san_jose_1000217,0.2719
san_jose_1000218,0.0914
san_jose_1000219,0.1089
san_jose_4247,0.3422
san_jose_4248,0.8925
san_jose_1000220,0.3369
san_jose_1000221,0.1830
san_jose_1000222,0.3150
san_jose_1000223,1.2998
san_jose_1273,2.2790
san_jose_1505,0.3195
san_jose_1792,7.0720
san_jose_1000001,0.9651
san_jose_1001355,0.9493
san_jose_1000002,0.0154
san_jose_1000003,0.1954
san_jose_1000004,0.1411
san_jose_1000005,0.0961
san_jose_1000006,0.9241
san_jose_1000007,2.7186
san_jose_1000008,2.5244
san_jose_1000028,0.0401
san_jose_1000029,0.9869
san_jose_1000030,10.8403
san_jose_1000031,1.0655
san_jose_1000032,0.5169
san_jose_1000033,0.2222
