imt,level,mean_poe,p16_poe,p84_poe
PGA,0.001,0.9990601539611816,0.9981934428215027,0.999718427658081
PGA,0.005,0.8880979418754578,0.8454368114471436,0.927374005317688
PGA,0.0065,0.8190513849258423,0.7605624198913574,0.8720025420188904
PGA,0.0085,0.7279098629951477,0.6568306684494019,0.7937678098678589
PGA,0.011,0.6257280111312866,0.551929235458374,0.6990200281143188
PGA,0.015,0.49506866931915283,0.4222117066383362,0.5671766996383667
PGA,0.019,0.3984200060367584,0.3292793333530426,0.4674222767353058
PGA,0.025,0.2972172796726227,0.24025121331214905,0.3606526553630829
PGA,0.032,0.22029243409633636,0.17264389991760254,0.27467790246009827
PGA,0.042,0.15262165665626526,0.11516638100147247,0.1959204226732254
PGA,0.055,0.10234376043081284,0.07428568601608276,0.13275769352912903
PGA,0.072,0.06646998971700668,0.046466801315546036,0.08712323755025864
PGA,0.094,0.04212600365281105,0.027786511927843094,0.056955382227897644
PGA,0.12,0.027118319645524025,0.016951173543930054,0.03711311146616936
PGA,0.16,0.01572880521416664,0.009054658003151417,0.021749025210738182
PGA,0.21,0.009161216206848621,0.004819164052605629,0.01287159975618124
PGA,0.27,0.005423970520496368,0.0026478474028408527,0.007781616877764463
PGA,0.36,0.00287284841760993,0.0012282601092010736,0.004178301431238651
PGA,0.46,0.0016102951485663652,0.0005938168033026159,0.0023893886245787144
PGA,0.61,0.0007848769892007113,0.00023520374088548124,0.001178245060145855
PGA,0.79,0.00038415874587371945,9.029879583977163e-05,0.0005754494341090322
PGA,1.03,0.00017385627143085003,2.9887542041251436e-05,0.0002560016873758286
PGA,1.35,7.272577931871638e-05,8.479766620439477e-06,0.00010308982018614188
PGA,1.76,2.9150445698178373e-05,2.11108522307768e-06,3.917992580682039e-05
PGA,2.3,1.0934360034298152e-05,4.489508853566804e-07,1.3786474482913036e-05
PGA,3.0,3.897271653841017e-06,8.463684508797087e-08,4.588744104694342e-06
PGA,4.0,1.1898627008122276e-06,1.0306721698327692e-08,1.2795425163858454e-06
SA(0.1),0.0016,0.9994847774505615,0.9990608096122742,0.9998632073402405
SA(0.1),0.011,0.8729029893875122,0.8293066620826721,0.9185135364532471
SA(0.1),0.014,0.8090320825576782,0.7512131333351135,0.8678023219108582
SA(0.1),0.018,0.7263465523719788,0.6554437279701233,0.7963000535964966
SA(0.1),0.024,0.6167015433311462,0.5365898609161377,0.6942156553268433
SA(0.1),0.032,0.5001694560050964,0.4181050956249237,0.5779981017112732
SA(0.1),0.042,0.393100768327713,0.31619149446487427,0.4632599353790283
SA(0.1),0.055,0.2972832918167114,0.22923536598682404,0.35931068658828735
SA(0.1),0.072,0.21636800467967987,0.16280478239059448,0.26801785826683044
SA(0.1),0.094,0.15241026878356934,0.11116185784339905,0.19286540150642395
SA(0.1),0.12,0.10739441961050034,0.07716339081525803,0.13805189728736877
SA(0.1),0.16,0.06881233304738998,0.047520868480205536,0.09058024734258652
SA(0.1),0.21,0.043870314955711365,0.029011467471718788,0.05906224250793457
SA(0.1),0.27,0.028288260102272034,0.01776869408786297,0.03874018415808678
SA(0.1),0.36,0.016705460846424103,0.009657245129346848,0.02342168614268303
SA(0.1),0.47,0.010027953423559666,0.005288637243211269,0.014208042994141579
SA(0.1),0.61,0.005959548056125641,0.0027793277986347675,0.00879281759262085
SA(0.1),0.8,0.0033829964231699705,0.0014116980601102114,0.005069045349955559
SA(0.1),1.04,0.001901347073726356,0.000668246007990092,0.002855044323951006
SA(0.1),1.36,0.0010202255798503757,0.0002864777925424278,0.0015740563394501805
SA(0.1),1.78,0.000526027346495539,0.00010892940917983651,0.0008256483706645668
SA(0.1),2.32,0.0002633793046697974,3.9424874557880685e-05,0.00040816739783622324
SA(0.1),3.03,0.00012590615369845182,1.2434146810846869e-05,0.00019281110144220293
SA(0.1),3.95,5.805276668979786e-05,3.3009923754434567e-06,8.692570554558188e-05
SA(0.1),5.16,2.5503188226139173e-05,7.598741831316147e-07,3.686038326122798e-05
SA(0.1),6.73,1.0775292139442172e-05,1.5565272803996777e-07,1.4950683180359192e-05
SA(0.1),8.98,4.009459644294111e-06,2.346095939742554e-08,5.2748619054909796e-06
SA(0.2),0.0016,0.9994509816169739,0.9990645051002502,0.999804675579071
SA(0.2),0.012,0.8251111507415771,0.780472457408905,0.8706747889518738
SA(0.2),0.016,0.7308006882667542,0.6720361709594727,0.7875330448150635
SA(0.2),0.021,0.6262961626052856,0.562898576259613,0.6921605467796326
SA(0.2),0.028,0.5090956687927246,0.4441409111022949,0.5779783725738525
SA(0.2),0.037,0.3990556597709656,0.33860689401626587,0.4651870131492615
SA(0.2),0.048,0.306498259305954,0.2526010572910309,0.3650781512260437
SA(0.2),0.063,0.22457027435302734,0.17927038669586182,0.27335846424102783
SA(0.2),0.083,0.15830479562282562,0.12327177077531815,0.1977682262659073
SA(0.2),0.11,0.10714446753263474,0.08056037127971649,0.1366356611251831
SA(0.2),0.14,0.07482258975505829,0.05388396605849266,0.09635842591524124
SA(0.2),0.18,0.05031157657504082,0.03484080359339714,0.06660478562116623
SA(0.2),0.24,0.031106911599636078,0.020604316145181656,0.04155445098876953
SA(0.2),0.32,0.018729712814092636,0.011568287387490273,0.025358153507113457
SA(0.2),0.41,0.01184897217899561,0.006905379705131054,0.016255591064691544
SA(0.2),0.54,0.006954174023121595,0.003721491666510701,0.009825894609093666
SA(0.2),0.7,0.00409691734239459,0.0020084665156900883,0.005983004346489906
SA(0.2),0.92,0.0022662943229079247,0.000998959643766284,0.0033645397052168846
SA(0.2),1.2,0.0012219035997986794,0.0004579179221764207,0.0018151988042518497
SA(0.2),1.57,0.0006224534590728581,0.0001908475678646937,0.0009377282112836838
SA(0.2),2.05,0.00030177488224580884,7.216651283670217e-05,0.00045347854029387236
SA(0.2),2.67,0.0001393875281792134,2.4895865863072686e-05,0.00020585363381542265
SA(0.2),3.49,6.030573058524169e-05,7.576034022349631e-06,8.588974014855921e-05
SA(0.2),4.55,2.497578134352807e-05,2.053352773145889e-06,3.4151162253692746e-05
SA(0.2),5.94,9.79455671767937e-06,4.974221496922837e-07,1.2805257938452996e-05
SA(0.2),7.76,3.640645445557311e-06,9.892777086406568e-08,4.504935077420669e-06
SA(0.2),10.34,1.182365053864487e-06,1.3655293784609057e-08,1.3642159046867164e-06
SA(0.3),0.0012,0.9995630979537964,0.9992294311523438,0.9998659491539001
SA(0.3),0.011,0.7833364009857178,0.7326303124427795,0.8335733413696289
SA(0.3),0.014,0.6984033584594727,0.6392640471458435,0.7600662112236023
SA(0.3),0.019,0.5778778195381165,0.5127595663070679,0.6461725831031799
SA(0.3),0.025,0.466918408870697,0.399069607257843,0.5375123620033264
SA(0.3),0.033,0.36145466566085815,0.29965609312057495,0.4274419844150543
SA(0.3),0.043,0.2732528746128082,0.21974554657936096,0.3325914740562439
SA(0.3),0.057,0.19579851627349854,0.15169088542461395,0.2420874834060669
SA(0.3),0.075,0.1370307058095932,0.10213132202625275,0.17283286154270172
SA(0.3),0.098,0.09407360106706619,0.06768205016851425,0.12139897048473358
SA(0.3),0.13,0.06147721782326698,0.042399171739816666,0.08093365281820297
SA(0.3),0.17,0.04004254564642906,0.02664509043097496,0.05341120436787605
SA(0.3),0.22,0.025954362004995346,0.016501212492585182,0.035362549126148224
SA(0.3),0.29,0.015939554199576378,0.00942685641348362,0.022018032148480415
SA(0.3),0.37,0.010159771889448166,0.005593885201960802,0.014310970902442932
SA(0.3),0.49,0.005886223167181015,0.002958412514999509,0.008449617773294449
SA(0.3),0.64,0.0033955269027501345,0.0015523444162681699,0.004963569343090057
SA(0.3),0.83,0.0019182885298505425,0.0007724793977104127,0.0028370078653097153
SA(0.3),1.09,0.0010081850923597813,0.00033489480847492814,0.0015136017464101315
SA(0.3),1.42,0.0005139391287229955,0.00013736284745391458,0.0007819085149094462
SA(0.3),1.85,0.0002487103338353336,5.330865678843111e-05,0.000374903145711869
SA(0.3),2.42,0.00011285507935099304,1.7671929526841268e-05,0.0001650937629165128
SA(0.3),3.16,4.890937270829454e-05,5.200735358812381e-06,6.928370567038655e-05
SA(0.3),4.12,2.0288045561756007e-05,1.345028294963413e-06,2.7549325750442222e-05
SA(0.3),5.38,7.972790626809001e-06,3.0155783292684646e-07,1.0344515430915635e-05
SA(0.3),7.02,2.9823570457665483e-06,5.898536059589787e-08,3.663335519377142e-06
SA(0.3),9.36,9.649769481256953e-07,7.270006818771435e-09,1.1006596878360142e-06
SA(0.6),0.00048,0.9996345639228821,0.9994595646858215,0.9998860359191895
SA(0.6),0.0064,0.7309166789054871,0.6727498173713684,0.7890816330909729
SA(0.6),0.0087,0.6187570691108704,0.5490782260894775,0.6871610879898071
SA(0.6),0.012,0.49454477429389954,0.42112529277801514,0.5666531920433044
SA(0.6),0.016,0.3879195749759674,0.31772029399871826,0.4581962525844574
SA(0.6),0.021,0.2977921962738037,0.2355971485376358,0.35977572202682495
SA(0.6),0.027,0.2267986685037613,0.17375056445598602,0.2799495756626129
SA(0.6),0.036,0.1610986590385437,0.11914166063070297,0.2027197778224945
SA(0.6),0.047,0.1142573431134224,0.08216363936662674,0.14565317332744598
SA(0.6),0.062,0.07797811925411224,0.05425170809030533,0.10150878876447678
SA(0.6),0.081,0.05269722267985344,0.0355059914290905,0.06930045038461685
SA(0.6),0.11,0.03272562101483345,0.021460020914673805,0.043773919343948364
SA(0.6),0.14,0.021998634561896324,0.013998427428305149,0.02996562235057354
SA(0.6),0.18,0.014224511571228504,0.008564850315451622,0.019797850400209427
SA(0.6),0.24,0.008372742682695389,0.004686824511736631,0.011925204657018185
SA(0.6),0.31,0.005063394550234079,0.0026151412166655064,0.00741114467382431
SA(0.6),0.4,0.0029667422641068697,0.0014049247838556767,0.0043848189525306225
SA(0.6),0.53,0.00157251360360533,0.0006593618891201913,0.0023517687804996967
SA(0.6),0.69,0.0008265093201771379,0.0003027388302143663,0.0012632373254746199
SA(0.6),0.9,0.0004103833925910294,0.00012993268319405615,0.0006298968801274896
SA(0.6),1.18,0.00018964061746373773,4.9289141315966845e-05,0.0002885403810068965
SA(0.6),1.54,8.364536915905774e-05,1.6397116269217804e-05,0.00012489491200540215
SA(0.6),2.01,3.474349432508461e-05,5.0587514124345034e-06,4.985528357792646e-05
SA(0.6),2.62,1.3669980035047047e-05,1.3660891227118555e-06,1.8368860764894634e-05
SA(0.6),3.42,5.0516655392129906e-06,3.120608198514674e-07,6.36647928331513e-06
SA(0.6),4.47,1.753212814037397e-06,6.051809720020174e-08,2.052377112704562e-06
SA(0.6),5.95,5.29673968685529e-07,8.586209077066087e-09,5.684494794877537e-07
SA(1.0),0.00019,0.9996843338012695,0.9994813203811646,0.9998744130134583
SA(1.0),0.004,0.6553443074226379,0.5896130204200745,0.7209863662719727
SA(1.0),0.0055,0.5384422540664673,0.4684177339076996,0.6080267429351807
SA(1.0),0.0074,0.43019017577171326,0.3599395155906677,0.4993865489959717
SA(1.0),0.0099,0.33245816826820374,0.2703359127044678,0.39608702063560486
SA(1.0),0.013,0.25305619835853577,0.1988973617553711,0.30826500058174133
SA(1.0),0.017,0.18813638389110565,0.14286161959171295,0.23309889435768127
SA(1.0),0.023,0.13069701194763184,0.09680740535259247,0.16438379883766174
SA(1.0),0.03,0.09257838129997253,0.067112036049366,0.1174553632736206
SA(1.0),0.04,0.062163203954696655,0.04432104900479317,0.07938657701015472
SA(1.0),0.052,0.04225396364927292,0.029576845467090607,0.05477755889296532
SA(1.0),0.068,0.02780015394091606,0.019122706726193428,0.036733563989400864
SA(1.0),0.089,0.01778321899473667,0.0117257134988904,0.024082375690340996
SA(1.0),0.12,0.010449941270053387,0.00647394172847271,0.014490146189928055
SA(1.0),0.15,0.006835923530161381,0.004097581375390291,0.009789332747459412
SA(1.0),0.2,0.0038044792599976063,0.002125284168869257,0.005619419272989035
SA(1.0),0.26,0.0021369734313338995,0.0010955650359392166,0.0031727305613458157
SA(1.0),0.34,0.0011310933623462915,0.0005284402286633849,0.001701987232081592
SA(1.0),0.44,0.0005843932740390301,0.00024331950407940894,0.0008998753037303686
SA(1.0),0.58,0.00027160198078490794,9.495768608758226e-05,0.0004292363009881228
SA(1.0),0.76,0.00012033883103867993,3.504203777993098e-05,0.000200023059733212
SA(1.0),0.99,5.077814421383664e-05,1.1804911082435865e-05,8.617430285084993e-05
SA(1.0),1.29,1.995474121940788e-05,3.794838903559139e-06,3.47493878507521e-05
SA(1.0),1.69,7.133905455702916e-06,1.0415955102871521e-06,1.30052230815636e-05
SA(1.0),2.2,2.422476427454967e-06,2.486409869106865e-07,4.526417342276545e-06
SA(1.0),2.88,7.433985160787415e-07,4.921053431417022e-08,1.3767481732429587e-06
SA(1.0),3.83,1.951017480905648e-07,7.012540770290343e-09,3.4346928146078426e-07
SA(2.0),4.6e-05,0.9997217655181885,0.9995898604393005,0.9999262094497681
SA(2.0),0.002,0.5388681888580322,0.4787602722644806,0.6003301739692688
SA(2.0),0.0027,0.4361622929573059,0.381204217672348,0.4954231083393097
SA(2.0),0.0036,0.34428438544273376,0.293759286403656,0.39612695574760437
SA(2.0),0.0049,0.25796350836753845,0.21632476150989532,0.3031168282032013
SA(2.0),0.0065,0.19222243130207062,0.15853333473205566,0.22816309332847595
SA(2.0),0.0086,0.14003048837184906,0.11441890150308609,0.16861291229724884
SA(2.0),0.011,0.10399233549833298,0.08374904096126556,0.1264985054731369
SA(2.0),0.015,0.06978781521320343,0.055814966559410095,0.08577501028776169
SA(2.0),0.02,0.04705163091421127,0.03692636266350746,0.05849354714155197
SA(2.0),0.026,0.03210737928748131,0.024600666016340256,0.0404912605881691
SA(2.0),0.034,0.021158810704946518,0.01576412282884121,0.027196912094950676
SA(2.0),0.044,0.013754637911915779,0.009980235248804092,0.017979348078370094
SA(2.0),0.058,0.008342068642377853,0.005823899060487747,0.01130715198814869
SA(2.0),0.076,0.004889319185167551,0.0032262587919831276,0.006818681955337524
SA(2.0),0.099,0.0027608138043433428,0.0017286515794694424,0.003965938929468393
SA(2.0),0.13,0.0014483309350907803,0.0008539024856872857,0.0021281412336975336
SA(2.0),0.17,0.0007220190018415451,0.0003913307737093419,0.0010942677035927773
SA(2.0),0.22,0.0003478516882751137,0.0001697153493296355,0.0005441349931061268
SA(2.0),0.29,0.00014813322923146188,6.412809307221323e-05,0.00023951184994075447
SA(2.0),0.38,5.9556074120337144e-05,2.257860978716053e-05,9.699218207970262e-05
SA(2.0),0.49,2.349736496398691e-05,7.497238584619481e-06,3.845016181003302e-05
SA(2.0),0.65,7.650653969903942e-06,1.985802327908459e-06,1.220547710545361e-05
SA(2.0),0.84,2.5359204300912097e-06,5.264375886326889e-07,3.979016582889017e-06
SA(2.0),1.1,7.221540272439597e-07,1.1131888300042192e-07,1.1235952115384862e-06
SA(2.0),1.44,1.8531248713316018e-07,2.0949958212668207e-08,2.901888933593e-07
SA(2.0),1.91,3.9186524247725174e-08,2.6793869345453913e-09,5.7249778251389216e-08
