imt,level,mean_poe,p16_poe,p84_poe
PGA,0.005,1.0,1.0,1.0
PGA,0.006041251652862785,1.0,1.0,1.0
PGA,0.007299344306643466,1.0,1.0,1.0
PGA,0.008819435171464881,1.0,1.0,1.0
PGA,0.010656085461385679,1.0,1.0,1.0
PGA,0.012875218781328664,1.0,1.0,1.0
PGA,0.015556487348734355,1.0,1.0,1.0
PGA,0.01879613098165608,1.0,1.0,1.0
PGA,0.02271043147207104,1.0,1.0,1.0
PGA,0.027439886333575234,1.0,1.0,1.0
PGA,0.03315425173341567,1.0,1.0,1.0
PGA,0.04005863561678525,0.9999998211860657,0.9999996423721313,1.0
PGA,0.0484008597262664,0.999988317489624,0.9999756813049316,0.999997079372406
PGA,0.05848035476425732,0.9997274279594421,0.9994514584541321,0.9999111890792847
PGA,0.0706589079759143,0.9971747994422913,0.9950962066650391,0.9988032579421997
PGA,0.08537364891979435,0.9842108488082886,0.975195586681366,0.9915181398391724
PGA,0.10315273952952697,0.9446688890457153,0.9206807613372803,0.9653075933456421
PGA,0.12463433163601581,0.8634117245674133,0.8210929036140442,0.9039912223815918
PGA,0.15058947239990575,0.7402493953704834,0.6767779588699341,0.7996833324432373
PGA,0.1819497798079332,0.5924166440963745,0.524871289730072,0.6617794632911682
PGA,0.2198408816005392,0.4439096450805664,0.38636353611946106,0.5109303593635559
PGA,0.26562281786721387,0.313638299703598,0.25880250334739685,0.36899641156196594
PGA,0.3209388574956752,0.21058401465415955,0.17283500730991364,0.25212961435317993
PGA,0.38777448066272807,0.1352963149547577,0.11007825285196304,0.16432921588420868
PGA,0.46852864444834325,0.08362232148647308,0.0674799382686615,0.10285328328609467
PGA,0.5660998895374224,0.04990586265921593,0.03942582383751869,0.0621291808784008
PGA,0.6839903786706788,0.028828365728259087,0.022760819643735886,0.03633855655789375
PGA,0.8264316011372962,0.016142763197422028,0.012527302838861942,0.02061728946864605
PGA,0.998536255269745,0.008770770393311977,0.006084234919399023,0.011336690746247768
PGA,1.2064817605183529,0.004626786336302757,0.002776878885924816,0.006050646770745516
PGA,1.4577319859760607,0.0023707719519734383,0.0011899465462192893,0.003130766563117504
PGA,1.7613051539417657,0.0011801680084317923,0.00048330967547371984,0.0015629781410098076
PGA,2.1280975344892874,0.0005706335068680346,0.00018875616660807282,0.0007555348565801978
PGA,2.571274549537323,0.00026781740598380566,7.019610347924754e-05,0.0003530691610649228
PGA,3.1067433244712737,0.0001218659381265752,2.5137513148365542e-05,0.00015921889280434698
PGA,3.753723648796502,5.367902485886589e-05,8.79984781931853e-06,6.916150596225634e-05
PGA,4.535437839536395,2.2846024876344018e-05,3.061662710024393e-06,2.8885244319099e-05
PGA,5.479944268911139,9.377174137625843e-06,1.0724752428359352e-06,1.2008597877866123e-05
PGA,6.621144474431075,3.7050365335744573e-06,3.7993137880221184e-07,4.7263374653994106e-06
PGA,7.999999999999999,1.406793899150216e-06,1.354091523353418e-07,1.8161255184168112e-06
SA(0.1),0.005,1.0,1.0,1.0
SA(0.1),0.006041251652862785,1.0,1.0,1.0
SA(0.1),0.007299344306643466,1.0,1.0,1.0
SA(0.1),0.008819435171464881,1.0,1.0,1.0
SA(0.1),0.010656085461385679,1.0,1.0,1.0
SA(0.1),0.012875218781328664,1.0,1.0,1.0
SA(0.1),0.015556487348734355,1.0,1.0,1.0
SA(0.1),0.01879613098165608,1.0,1.0,1.0
SA(0.1),0.02271043147207104,1.0,1.0,1.0
SA(0.1),0.027439886333575234,1.0,1.0,1.0
SA(0.1),0.03315425173341567,1.0,1.0,1.0
SA(0.1),0.04005863561678525,1.0,1.0,1.0
SA(0.1),0.0484008597262664,1.0,1.0,1.0
SA(0.1),0.05848035476425732,1.0,1.0,1.0
SA(0.1),0.0706589079759143,1.0,1.0,1.0
SA(0.1),0.08537364891979435,1.0,1.0,1.0
SA(0.1),0.10315273952952697,0.9999998211860657,0.9999998807907104,1.0
SA(0.1),0.12463433163601581,0.9999914765357971,0.9999877214431763,0.9999995231628418
SA(0.1),0.15058947239990575,0.999828040599823,0.9997739195823669,0.9999756217002869
SA(0.1),0.1819497798079332,0.9982842206954956,0.9979227781295776,0.9995477199554443
SA(0.1),0.2198408816005392,0.9901584386825562,0.9848650097846985,0.9965004324913025
SA(0.1),0.26562281786721387,0.9634239077568054,0.9507169723510742,0.9832887649536133
SA(0.1),0.3209388574956752,0.9030619859695435,0.8840452432632446,0.9457939267158508
SA(0.1),0.38777448066272807,0.8021334409713745,0.7624105215072632,0.8480082750320435
SA(0.1),0.46852864444834325,0.6691116690635681,0.6180130243301392,0.7243562340736389
SA(0.1),0.5660998895374224,0.5237098932266235,0.4757465422153473,0.5798871517181396
SA(0.1),0.6839903786706788,0.3863653838634491,0.3472821116447449,0.43638575077056885
SA(0.1),0.8264316011372962,0.27052631974220276,0.24213102459907532,0.3106071949005127
SA(0.1),0.998536255269745,0.18104779720306396,0.1586967259645462,0.2104398012161255
SA(0.1),1.2064817605183529,0.11651843041181564,0.09775098413228989,0.13646331429481506
SA(0.1),1.4577319859760607,0.0724559873342514,0.055875446647405624,0.08544217795133591
SA(0.1),1.7613051539417657,0.04368187114596367,0.03270646557211876,0.05179358273744583
SA(0.1),2.1280975344892874,0.025589507073163986,0.01849016547203064,0.030378669500350952
SA(0.1),2.571274549537323,0.014586828649044037,0.010099499486386776,0.01757005602121353
SA(0.1),3.1067433244712737,0.008097315207123756,0.005332591477781534,0.010018519125878811
SA(0.1),3.753723648796502,0.004378889221698046,0.002724790945649147,0.005579147953540087
SA(0.1),4.535437839536395,0.002307161223143339,0.0013500467175617814,0.003033708781003952
SA(0.1),5.479944268911139,0.0011842522071674466,0.0006506094941869378,0.0016099550994113088
SA(0.1),6.621144474431075,0.0005920526455156505,0.0003062405448872596,0.0008333418518304825
SA(0.1),7.999999999999999,0.0002881832479033619,0.0001414923754055053,0.00040751247433945537
SA(0.2),0.005,1.0,1.0,1.0
SA(0.2),0.006041251652862785,1.0,1.0,1.0
SA(0.2),0.007299344306643466,1.0,1.0,1.0
SA(0.2),0.008819435171464881,1.0,1.0,1.0
SA(0.2),0.010656085461385679,1.0,1.0,1.0
SA(0.2),0.012875218781328664,1.0,1.0,1.0
SA(0.2),0.015556487348734355,1.0,1.0,1.0
SA(0.2),0.01879613098165608,1.0,1.0,1.0
SA(0.2),0.02271043147207104,1.0,1.0,1.0
SA(0.2),0.027439886333575234,1.0,1.0,1.0
SA(0.2),0.03315425173341567,1.0,1.0,1.0
SA(0.2),0.04005863561678525,1.0,1.0,1.0
SA(0.2),0.0484008597262664,1.0,1.0,1.0
SA(0.2),0.05848035476425732,1.0,1.0,1.0
SA(0.2),0.0706589079759143,1.0,1.0,1.0
SA(0.2),0.08537364891979435,0.9999998211860657,0.999999463558197,1.0
SA(0.2),0.10315273952952697,0.9999870657920837,0.9999726414680481,0.9999985694885254
SA(0.2),0.12463433163601581,0.9997040033340454,0.9994633793830872,0.9999417066574097
SA(0.2),0.15058947239990575,0.9969995617866516,0.9951463937759399,0.998953640460968
SA(0.2),0.1819497798079332,0.9835870862007141,0.9756639003753662,0.9919976592063904
SA(0.2),0.2198408816005392,0.9434893727302551,0.9245880842208862,0.9649963974952698
SA(0.2),0.26562281786721387,0.8622903823852539,0.8303334712982178,0.8989205956459045
SA(0.2),0.3209388574956752,0.7403443455696106,0.6988509297370911,0.7860575914382935
SA(0.2),0.38777448066272807,0.5946144461631775,0.5479444861412048,0.6396762728691101
SA(0.2),0.46852864444834325,0.44827142357826233,0.402934193611145,0.48551222681999207
SA(0.2),0.5660998895374224,0.3194971978664398,0.2870573401451111,0.3464944064617157
SA(0.2),0.6839903786706788,0.21700352430343628,0.19078491628170013,0.23437529802322388
SA(0.2),0.8264316011372962,0.14145497977733612,0.1214444488286972,0.15196757018566132
SA(0.2),0.998536255269745,0.08899090439081192,0.0746992900967598,0.09503503143787384
SA(0.2),1.2064817605183529,0.054248277097940445,0.04460464045405388,0.05763065069913864
SA(0.2),1.4577319859760607,0.0321279875934124,0.025936847552657127,0.034375570714473724
SA(0.2),1.7613051539417657,0.01851542852818966,0.014159183017909527,0.02038854919373989
SA(0.2),2.1280975344892874,0.01039310172200203,0.007377919275313616,0.011841224506497383
SA(0.2),2.571274549537323,0.005685475189238787,0.003675333457067609,0.006735260598361492
SA(0.2),3.1067433244712737,0.0030324566178023815,0.001747116562910378,0.0037506900262087584
SA(0.2),3.753723648796502,0.0015776435611769557,0.0007922035874798894,0.0020046026911586523
SA(0.2),4.535437839536395,0.0008008945733308792,0.0003432800294831395,0.0010637399973347783
SA(0.2),5.479944268911139,0.00039682324859313667,0.00014284315693657845,0.0005526337772607803
SA(0.2),6.621144474431075,0.00019189825979992747,5.755562233389355e-05,0.00027792653418146074
SA(0.2),7.999999999999999,9.054115798790008e-05,2.271814264531713e-05,0.00013718527043238282
SA(0.3),0.005,1.0,1.0,1.0
SA(0.3),0.006041251652862785,1.0,1.0,1.0
SA(0.3),0.007299344306643466,1.0,1.0,1.0
SA(0.3),0.008819435171464881,1.0,1.0,1.0
SA(0.3),0.010656085461385679,1.0,1.0,1.0
SA(0.3),0.012875218781328664,1.0,1.0,1.0
SA(0.3),0.015556487348734355,1.0,1.0,1.0
SA(0.3),0.01879613098165608,1.0,1.0,1.0
SA(0.3),0.02271043147207104,1.0,1.0,1.0
SA(0.3),0.027439886333575234,1.0,1.0,1.0
SA(0.3),0.03315425173341567,1.0,1.0,1.0
SA(0.3),0.04005863561678525,1.0,1.0,1.0
SA(0.3),0.0484008597262664,1.0,1.0,1.0
SA(0.3),0.05848035476425732,1.0,0.9999999403953552,1.0
SA(0.3),0.0706589079759143,0.9999973773956299,0.9999952912330627,0.9999991655349731
SA(0.3),0.08537364891979435,0.9999039173126221,0.9998430609703064,0.9999589920043945
SA(0.3),0.10315273952952697,0.9986177682876587,0.9978502988815308,0.9992452263832092
SA(0.3),0.12463433163601581,0.9902780055999756,0.9862014651298523,0.9934946298599243
SA(0.3),0.15058947239990575,0.9601845145225525,0.9480186700820923,0.9690530896186829
SA(0.3),0.1819497798079332,0.89095139503479,0.8623083233833313,0.903668999671936
SA(0.3),0.2198408816005392,0.7777839303016663,0.7343353629112244,0.7935025095939636
SA(0.3),0.26562281786721387,0.6347445249557495,0.5837242007255554,0.6513569951057434
SA(0.3),0.3209388574956752,0.48556241393089294,0.43093109130859375,0.5026686787605286
SA(0.3),0.38777448066272807,0.3507375419139862,0.3017262816429138,0.3663555681705475
SA(0.3),0.46852864444834325,0.24124903976917267,0.19483301043510437,0.2529160976409912
SA(0.3),0.5660998895374224,0.15921854972839355,0.12304430454969406,0.16780810058116913
SA(0.3),0.6839903786706788,0.10143617540597916,0.07504035532474518,0.10805220901966095
SA(0.3),0.8264316011372962,0.06265701353549957,0.04435667023062706,0.06825099140405655
SA(0.3),0.998536255269745,0.03763512521982193,0.025443265214562416,0.04209224507212639
SA(0.3),1.2064817605183529,0.022020677104592323,0.014151036739349365,0.025401657447218895
SA(0.3),1.4577319859760607,0.012563089840114117,0.007706785574555397,0.015018968842923641
SA(0.3),1.7613051539417657,0.00699200015515089,0.004206104204058647,0.008704842068254948
SA(0.3),2.1280975344892874,0.003797368612140417,0.0022452082484960556,0.004945382475852966
SA(0.3),2.571274549537323,0.002013163873925805,0.0010527862468734384,0.0027525194454938173
SA(0.3),3.1067433244712737,0.0010422167833894491,0.0004561786481644958,0.0015094272093847394
SA(0.3),3.753723648796502,0.0005270799738354981,0.00018622507923282683,0.0007938737981021404
SA(0.3),4.535437839536395,0.0002604460169095546,7.210586045403033e-05,0.0004135252966079861
SA(0.3),5.479944268911139,0.0001257256226381287,2.6678573703975417e-05,0.00021003994334023446
SA(0.3),6.621144474431075,5.925934965489432e-05,9.743766895553563e-06,0.00010375259444117546
SA(0.3),7.999999999999999,2.7246098397881724e-05,3.4836166378227063e-06,4.9807702453108504e-05
SA(0.4),0.005,1.0,1.0,1.0
SA(0.4),0.006041251652862785,1.0,1.0,1.0
SA(0.4),0.007299344306643466,1.0,1.0,1.0
SA(0.4),0.008819435171464881,1.0,1.0,1.0
SA(0.4),0.010656085461385679,1.0,1.0,1.0
SA(0.4),0.012875218781328664,1.0,1.0,1.0
SA(0.4),0.015556487348734355,1.0,1.0,1.0
SA(0.4),0.01879613098165608,1.0,1.0,1.0
SA(0.4),0.02271043147207104,1.0,1.0,1.0
SA(0.4),0.027439886333575234,1.0,1.0,1.0
SA(0.4),0.03315425173341567,1.0,1.0,1.0
SA(0.4),0.04005863561678525,1.0,1.0,1.0
SA(0.4),0.0484008597262664,0.9999998211860657,0.9999995231628418,1.0
SA(0.4),0.05848035476425732,0.9999896883964539,0.999972939491272,0.9999998211860657
SA(0.4),0.0706589079759143,0.999775767326355,0.999477744102478,0.9999908208847046
SA(0.4),0.08537364891979435,0.9977403879165649,0.9950994849205017,0.9998204112052917
SA(0.4),0.10315273952952697,0.9874547719955444,0.9752987623214722,0.9982631206512451
SA(0.4),0.12463433163601581,0.9558163285255432,0.9211894273757935,0.990310549736023
SA(0.4),0.15058947239990575,0.8894444704055786,0.8203314542770386,0.964701235294342
SA(0.4),0.1819497798079332,0.7853578925132751,0.6809681057929993,0.9071740508079529
SA(0.4),0.2198408816005392,0.6543153524398804,0.5255959033966064,0.8102067708969116
SA(0.4),0.26562281786721387,0.5146183371543884,0.37833741307258606,0.6823958158493042
SA(0.4),0.3209388574956752,0.38354185223579407,0.2569155991077423,0.5398780703544617
SA(0.4),0.38777448066272807,0.2722465693950653,0.16675393283367157,0.401724249124527
SA(0.4),0.46852864444834325,0.18499940633773804,0.10439008474349976,0.2822728157043457
SA(0.4),0.5660998895374224,0.12091421335935593,0.06577592343091965,0.18845446407794952
SA(0.4),0.6839903786706788,0.0763176903128624,0.03891356661915779,0.11962871253490448
SA(0.4),0.8264316011372962,0.04666924476623535,0.023089103400707245,0.07285349071025848
SA(0.4),0.998536255269745,0.027721142396330833,0.01286218874156475,0.04234551638364792
SA(0.4),1.2064817605183529,0.01602654904127121,0.006926428992301226,0.02362700179219246
SA(0.4),1.4577319859760607,0.009032758884131908,0.0038848095573484898,0.012816380709409714
SA(0.4),1.7613051539417657,0.004969900008291006,0.002025309018790722,0.006590424105525017
SA(0.4),2.1280975344892874,0.0026727556250989437,0.001060226932168007,0.003494588192552328
SA(0.4),2.571274549537323,0.0014065159484744072,0.0005602812161669135,0.001937819761224091
SA(0.4),3.1067433244712737,0.0007249664631672204,0.0002638128353282809,0.001053009764291346
SA(0.4),3.753723648796502,0.0003662511589936912,0.00012911736848764122,0.0005602195742540061
SA(0.4),4.535437839536395,0.00018140945758204907,6.116754229879007e-05,0.00029148501926101744
SA(0.4),5.479944268911139,8.808418351691216e-05,2.817468521243427e-05,0.00014814379392191768
SA(0.4),6.621144474431075,4.190107210888527e-05,1.2532991604530253e-05,7.345146150328219e-05
SA(0.4),7.999999999999999,1.9507271645125e-05,5.355289886210812e-06,3.54807561961934e-05
SA(0.5),0.005,1.0,1.0,1.0
SA(0.5),0.006041251652862785,1.0,1.0,1.0
SA(0.5),0.007299344306643466,1.0,1.0,1.0
SA(0.5),0.008819435171464881,1.0,1.0,1.0
SA(0.5),0.010656085461385679,1.0,1.0,1.0
SA(0.5),0.012875218781328664,1.0,1.0,1.0
SA(0.5),0.015556487348734355,1.0,1.0,1.0
SA(0.5),0.01879613098165608,1.0,1.0,1.0
SA(0.5),0.02271043147207104,1.0,1.0,1.0
SA(0.5),0.027439886333575234,1.0,1.0,1.0
SA(0.5),0.03315425173341567,1.0,1.0,1.0
SA(0.5),0.04005863561678525,0.9999995231628418,0.9999982118606567,1.0
SA(0.5),0.0484008597262664,0.9999802112579346,0.9999420642852783,0.9999995827674866
SA(0.5),0.05848035476425732,0.9996715188026428,0.9991908073425293,0.9999868273735046
SA(0.5),0.0706589079759143,0.9972313642501831,0.9936164021492004,0.9997742176055908
SA(0.5),0.08537364891979435,0.9862734079360962,0.9716255068778992,0.9979421496391296
SA(0.5),0.10315273952952697,0.9547577500343323,0.9220152497291565,0.9891152381896973
SA(0.5),0.12463433163601581,0.8906263113021851,0.8295369148254395,0.9616918563842773
SA(0.5),0.15058947239990575,0.7906010746955872,0.68961501121521,0.9029529094696045
SA(0.5),0.1819497798079332,0.6634663939476013,0.5341691970825195,0.8071212768554688
SA(0.5),0.2198408816005392,0.5256979465484619,0.3892163634300232,0.6799301505088806
SA(0.5),0.26562281786721387,0.39417314529418945,0.26710447669029236,0.5375635027885437
SA(0.5),0.3209388574956752,0.2808520495891571,0.17522095143795013,0.39992818236351013
SA(0.5),0.38777448066272807,0.19110257923603058,0.1108093410730362,0.2813708782196045
SA(0.5),0.46852864444834325,0.12481324374675751,0.06794770061969757,0.18836915493011475
SA(0.5),0.5660998895374224,0.07862125337123871,0.040518734604120255,0.1207704246044159
SA(0.5),0.6839903786706788,0.04797014966607094,0.023502102121710777,0.07460926473140717
SA(0.5),0.8264316011372962,0.02845773659646511,0.013231455348432064,0.04466661810874939
SA(0.5),0.998536255269745,0.016469592228531837,0.007203181739896536,0.02605096809566021
SA(0.5),1.2064817605183529,0.009326659142971039,0.0037908880040049553,0.014874082058668137
SA(0.5),1.4577319859760607,0.005182286258786917,0.002005241811275482,0.008350462652742863
SA(0.5),1.7613051539417657,0.0028322588186711073,0.0010653708595782518,0.004626650363206863
SA(0.5),2.1280975344892874,0.0015256054466590285,0.0005572529626078904,0.002536595333367586
SA(0.5),2.571274549537323,0.0008110873750410974,0.00028401691815815866,0.0013779678847640753
SA(0.5),3.1067433244712737,0.00042586930794641376,0.00014072559133637697,0.000741944182664156
SA(0.5),3.753723648796502,0.00022077311587054282,6.535032298415899e-05,0.00039568913052789867
SA(0.5),4.535437839536395,0.00011286863446002826,2.8904612918267958e-05,0.00021000663400627673
SA(0.5),5.479944268911139,5.6800548918545246e-05,1.3089274034427945e-05,0.00010817425936693326
SA(0.5),6.621144474431075,2.8073254725313745e-05,5.751187472924357e-06,5.4678483138559386e-05
SA(0.5),7.999999999999999,1.3593257790489588e-05,2.435527449051733e-06,2.7027646865462884e-05
SA(0.6),0.005,1.0,1.0,1.0
SA(0.6),0.006041251652862785,1.0,1.0,1.0
SA(0.6),0.007299344306643466,1.0,1.0,1.0
SA(0.6),0.008819435171464881,1.0,1.0,1.0
SA(0.6),0.010656085461385679,1.0,1.0,1.0
SA(0.6),0.012875218781328664,1.0,1.0,1.0
SA(0.6),0.015556487348734355,1.0,1.0,1.0
SA(0.6),0.01879613098165608,1.0,1.0,1.0
SA(0.6),0.02271043147207104,1.0,1.0,1.0
SA(0.6),0.027439886333575234,1.0,1.0,1.0
SA(0.6),0.03315425173341567,0.9999992251396179,0.9999985694885254,1.0
SA(0.6),0.04005863561678525,0.999975323677063,0.999947726726532,0.9999997019767761
SA(0.6),0.0484008597262664,0.999646782875061,0.9993602633476257,0.9999877214431763
SA(0.6),0.05848035476425732,0.9972856640815735,0.9956454634666443,0.999793529510498
SA(0.6),0.0706589079759143,0.9871971607208252,0.9775257110595703,0.9982035756111145
SA(0.6),0.08537364891979435,0.9586909413337708,0.9254273772239685,0.9909432530403137
SA(0.6),0.10315273952952697,0.9004921913146973,0.8245070576667786,0.9684193134307861
SA(0.6),0.12463433163601581,0.8082438111305237,0.6841559410095215,0.9179314374923706
SA(0.6),0.15058947239990575,0.6882104873657227,0.5313825607299805,0.8311545252799988
SA(0.6),0.1819497798079332,0.5545617341995239,0.38636088371276855,0.7111296653747559
SA(0.6),0.2198408816005392,0.4233115017414093,0.2661582827568054,0.5719607472419739
SA(0.6),0.26562281786721387,0.3070468008518219,0.17545874416828156,0.4326210916042328
SA(0.6),0.3209388574956752,0.21252897381782532,0.111604705452919,0.30906546115875244
SA(0.6),0.38777448066272807,0.1410270482301712,0.06889314204454422,0.20972315967082977
SA(0.6),0.46852864444834325,0.09011848270893097,0.04139922931790352,0.13600443303585052
SA(0.6),0.5660998895374224,0.055685658007860184,0.024228110909461975,0.0847933292388916
SA(0.6),0.6839903786706788,0.033394187688827515,0.013783699832856655,0.05110785737633705
SA(0.6),0.8264316011372962,0.01949724368751049,0.007596191018819809,0.029933499172329903
SA(0.6),0.998536255269745,0.011113906279206276,0.004036813508719206,0.017117084935307503
SA(0.6),1.2064817605183529,0.006200714968144894,0.0020873539615422487,0.009598166681826115
SA(0.6),1.4577319859760607,0.003393742023035884,0.00109025277197361,0.005303935147821903
SA(0.6),1.7613051539417657,0.001825687475502491,0.0005723441718146205,0.002952206414192915
SA(0.6),2.1280975344892874,0.0009668379789218307,0.0002950521884486079,0.001586988102644682
SA(0.6),2.571274549537323,0.0005045214202255011,0.00014807510888203979,0.0008445244748145342
SA(0.6),3.1067433244712737,0.0002594885299913585,7.219859980978072e-05,0.00044452850124798715
SA(0.6),3.753723648796502,0.00013148026482667774,3.412501610000618e-05,0.00023105235595721751
SA(0.6),4.535437839536395,6.555527943419293e-05,1.4892564649926499e-05,0.00011829592403955758
SA(0.6),5.479944268911139,3.210973954992369e-05,6.654601747868583e-06,5.948726538917981e-05
SA(0.6),6.621144474431075,1.5420193449244834e-05,2.8706613193207886e-06,2.929501533799339e-05
SA(0.6),7.999999999999999,7.245353117468767e-06,1.194029664475238e-06,1.4089152500673663e-05
SA(0.7),0.005,1.0,1.0,1.0
SA(0.7),0.006041251652862785,1.0,1.0,1.0
SA(0.7),0.007299344306643466,1.0,1.0,1.0
SA(0.7),0.008819435171464881,1.0,1.0,1.0
SA(0.7),0.010656085461385679,1.0,1.0,1.0
SA(0.7),0.012875218781328664,1.0,1.0,1.0
SA(0.7),0.015556487348734355,1.0,1.0,1.0
SA(0.7),0.01879613098165608,1.0,1.0,1.0
SA(0.7),0.02271043147207104,1.0,1.0,1.0
SA(0.7),0.027439886333575234,0.9999992251396179,0.9999991655349731,1.0
SA(0.7),0.03315425173341567,0.9999783635139465,0.9999672770500183,0.9999998211860657
SA(0.7),0.04005863561678525,0.9997099041938782,0.9996036887168884,0.9999920725822449
SA(0.7),0.0484008597262664,0.9978225827217102,0.9968553185462952,0.9998630285263062
SA(0.7),0.05848035476425732,0.9896920323371887,0.981992244720459,0.9987940192222595
SA(0.7),0.0706589079759143,0.9661002159118652,0.9357579350471497,0.9935479164123535
SA(0.7),0.08537364891979435,0.9161865711212158,0.8453328013420105,0.9761980175971985
SA(0.7),0.10315273952952697,0.8339290022850037,0.7130082249641418,0.9348442554473877
SA(0.7),0.12463433163601581,0.7226200103759766,0.5602935552597046,0.8595396280288696
SA(0.7),0.15058947239990575,0.5938872694969177,0.41329941153526306,0.7496816515922546
SA(0.7),0.1819497798079332,0.46282413601875305,0.28819262981414795,0.6162118911743164
SA(0.7),0.2198408816005392,0.34275421500205994,0.192561075091362,0.4767899513244629
SA(0.7),0.26562281786721387,0.24208159744739532,0.12399232387542725,0.34822070598602295
SA(0.7),0.3209388574956752,0.16376225650310516,0.07742910832166672,0.24118797481060028
SA(0.7),0.38777448066272807,0.10657744109630585,0.04707713797688484,0.15935459733009338
SA(0.7),0.46852864444834325,0.06701211631298065,0.027910346165299416,0.10108035802841187
SA(0.7),0.5660998895374224,0.04086460545659065,0.016123080626130104,0.06191231310367584
SA(0.7),0.6839903786706788,0.024251030758023262,0.009052001871168613,0.03681754320859909
SA(0.7),0.8264316011372962,0.01404826994985342,0.004920228384435177,0.021365614607930183
SA(0.7),0.998536255269745,0.007965471595525742,0.002577598439529538,0.012179983779788017
SA(0.7),1.2064817605183529,0.00443171476945281,0.001295479480177164,0.006951230112463236
SA(0.7),1.4577319859760607,0.0024246652610599995,0.0006556144799105823,0.0038422534707933664
SA(0.7),1.7613051539417657,0.001306869089603424,0.0003377821412868798,0.0021031941287219524
SA(0.7),2.1280975344892874,0.0006948064547032118,0.00017123634461313486,0.0011415313929319382
SA(0.7),2.571274549537323,0.0003645878459792584,8.44035530462861e-05,0.0006142212660051882
SA(0.7),3.1067433244712737,0.00018879018898587674,4.036992686451413e-05,0.00032713968539610505
SA(0.7),3.753723648796502,9.638575284043327e-05,1.878717193903867e-05,0.0001720399159239605
SA(0.7),4.535437839536395,4.844674913329072e-05,8.020349923754111e-06,8.906420407583937e-05
SA(0.7),5.479944268911139,2.3928567316033877e-05,3.501018227325403e-06,4.524712494458072e-05
SA(0.7),6.621144474431075,1.1589659152377862e-05,1.4735938975718454e-06,2.2491482013720088e-05
SA(0.7),7.999999999999999,5.49294964002911e-06,5.973639645162621e-07,1.0910683158726897e-05
SA(0.8),0.005,1.0,1.0,1.0
SA(0.8),0.006041251652862785,1.0,1.0,1.0
SA(0.8),0.007299344306643466,1.0,1.0,1.0
SA(0.8),0.008819435171464881,1.0,1.0,1.0
SA(0.8),0.010656085461385679,1.0,1.0,1.0
SA(0.8),0.012875218781328664,1.0,1.0,1.0
SA(0.8),0.015556487348734355,1.0,1.0,1.0
SA(0.8),0.01879613098165608,1.0,1.0,1.0
SA(0.8),0.02271043147207104,0.9999996423721313,0.9999995827674866,1.0
SA(0.8),0.027439886333575234,0.999988853931427,0.9999884366989136,0.9999995231628418
SA(0.8),0.03315425173341567,0.9998379349708557,0.9997579455375671,0.9999834895133972
SA(0.8),0.04005863561678525,0.9986709356307983,0.9983224868774414,0.999757707118988
SA(0.8),0.0484008597262664,0.993137001991272,0.9909769296646118,0.9979343414306641
SA(0.8),0.05848035476425732,0.9755449295043945,0.9669257402420044,0.9901624917984009
SA(0.8),0.0706589079759143,0.9351446628570557,0.9135450124740601,0.9680602550506592
SA(0.8),0.08537364891979435,0.8637502193450928,0.8250734806060791,0.9211597442626953
SA(0.8),0.10315273952952697,0.7614734768867493,0.6984337568283081,0.841289758682251
SA(0.8),0.12463433163601581,0.6376546025276184,0.5565820932388306,0.7296899557113647
SA(0.8),0.15058947239990575,0.5068112015724182,0.4198606014251709,0.596436619758606
SA(0.8),0.1819497798079332,0.38307300209999084,0.30332115292549133,0.45900529623031616
SA(0.8),0.2198408816005392,0.27630236744880676,0.2114197462797165,0.3322135806083679
SA(0.8),0.26562281786721387,0.19094252586364746,0.1428443044424057,0.22754588723182678
SA(0.8),0.3209388574956752,0.12693437933921814,0.09407874941825867,0.1549367606639862
SA(0.8),0.38777448066272807,0.08146914094686508,0.06065671518445015,0.10209502279758453
SA(0.8),0.46852864444834325,0.050639402121305466,0.03839908912777901,0.06602451950311661
SA(0.8),0.5660998895374224,0.030560804530978203,0.023912468925118446,0.041659802198410034
SA(0.8),0.6839903786706788,0.017943885177373886,0.015807121992111206,0.025602752342820168
SA(0.8),0.8264316011372962,0.010268112644553185,0.008601886220276356,0.015275278128683567
SA(0.8),0.998536255269745,0.005735214799642563,0.004450095817446709,0.009048090316355228
SA(0.8),1.2064817605183529,0.0031312855426222086,0.002192269777879119,0.005254920106381178
SA(0.8),1.4577319859760607,0.0016735115787014365,0.0010174557100981474,0.0029936600476503372
SA(0.8),1.7613051539417657,0.0008767495746724308,0.0004592288751155138,0.0016732218209654093
SA(0.8),2.1280975344892874,0.0004508428683038801,0.00019620070816017687,0.0009174880688078701
SA(0.8),2.571274549537323,0.00022779575374443084,8.059853280428797e-05,0.0004934199387207627
SA(0.8),3.1067433244712737,0.00011317567259538919,3.188382106600329e-05,0.000260115135461092
SA(0.8),3.753723648796502,5.5305397836491466e-05,1.2171330126875546e-05,0.00013430966646410525
SA(0.8),4.535437839536395,2.6575728043098934e-05,5.023491212341469e-06,6.785897858208045e-05
SA(0.8),5.479944268911139,1.2548451195470989e-05,2.030310724876472e-06,3.350926999701187e-05
SA(0.8),6.621144474431075,5.815312306367559e-06,7.951587122079218e-07,1.6151994714164175e-05
SA(0.8),7.999999999999999,2.641076889631222e-06,3.0112826721051533e-07,7.589513188577257e-06
SA(0.9),0.005,1.0,1.0,1.0
SA(0.9),0.006041251652862785,1.0,1.0,1.0
SA(0.9),0.007299344306643466,1.0,1.0,1.0
SA(0.9),0.008819435171464881,1.0,1.0,1.0
SA(0.9),0.010656085461385679,1.0,1.0,1.0
SA(0.9),0.012875218781328664,1.0,1.0,1.0
SA(0.9),0.015556487348734355,1.0,1.0,1.0
SA(0.9),0.01879613098165608,0.9999998807907104,0.9999998211860657,1.0
SA(0.9),0.02271043147207104,0.9999952912330627,0.9999945163726807,0.9999997615814209
SA(0.9),0.027439886333575234,0.999921441078186,0.9999068975448608,0.9999914765357971
SA(0.9),0.03315425173341567,0.9992753267288208,0.9990919828414917,0.9998658299446106
SA(0.9),0.04005863561678525,0.9958473443984985,0.9943175911903381,0.9986991882324219
SA(0.9),0.0484008597262664,0.9837973713874817,0.9777855277061462,0.9931789636611938
SA(0.9),0.05848035476425732,0.9535244703292847,0.9389337301254272,0.976112961769104
SA(0.9),0.0706589079759143,0.8955775499343872,0.8606334328651428,0.9367987513542175
SA(0.9),0.08537364891979435,0.8064872026443481,0.7461913824081421,0.8664242625236511
SA(0.9),0.10315273952952697,0.6917265057563782,0.6101057529449463,0.7630735635757446
SA(0.9),0.12463433163601581,0.5637079477310181,0.47206175327301025,0.6341367959976196
SA(0.9),0.15058947239990575,0.4368116855621338,0.348036527633667,0.4959121644496918
SA(0.9),0.1819497798079332,0.3227521777153015,0.24641835689544678,0.3721526265144348
SA(0.9),0.2198408816005392,0.2282591462135315,0.16965053975582123,0.27030354738235474
SA(0.9),0.26562281786721387,0.155141219496727,0.11363200098276138,0.18921197950839996
SA(0.9),0.3209388574956752,0.10172274708747864,0.07436812669038773,0.12929677963256836
SA(0.9),0.38777448066272807,0.06455491483211517,0.056735266000032425,0.08336944133043289
SA(0.9),0.46852864444834325,0.039758503437042236,0.03305507078766823,0.05359997600317001
SA(0.9),0.5660998895374224,0.02381470613181591,0.018644943833351135,0.03361846134066582
SA(0.9),0.6839903786706788,0.01389640849083662,0.01021973043680191,0.02059822715818882
SA(0.9),0.8264316011372962,0.00791028793901205,0.005488651804625988,0.012341314926743507
SA(0.9),0.998536255269745,0.004397635348141193,0.002676808973774314,0.007236103061586618
SA(0.9),1.2064817605183529,0.002390241948887706,0.0012731244787573814,0.004154411610215902
SA(0.9),1.4577319859760607,0.0012714257463812828,0.0005783575470559299,0.002336412202566862
SA(0.9),1.7613051539417657,0.000662476581055671,0.0002521045971661806,0.0012874610256403685
SA(0.9),2.1280975344892874,0.00033840525429695845,0.00010593397018965334,0.000695164198987186
SA(0.9),2.571274549537323,0.00016957968182396144,4.299248757888563e-05,0.00036774537875317037
SA(0.9),3.1067433244712737,8.339879423147067e-05,1.823800994316116e-05,0.00019052765856031328
SA(0.9),3.753723648796502,4.0257535147247836e-05,7.878572432673536e-06,9.662075899541378e-05
SA(0.9),4.535437839536395,1.9069753761868924e-05,3.3104706744779833e-06,4.7922931116772816e-05
SA(0.9),5.479944268911139,8.859800800564699e-06,1.3524963833333459e-06,2.322554064448923e-05
SA(0.9),6.621144474431075,4.033796358271502e-06,5.347949922906992e-07,1.098651955544483e-05
SA(0.9),7.999999999999999,1.7977764628085424e-06,2.0417513724169112e-07,5.066590802016435e-06
SA(1.0),0.005,1.0,1.0,1.0
SA(1.0),0.006041251652862785,1.0,1.0,1.0
SA(1.0),0.007299344306643466,1.0,1.0,1.0
SA(1.0),0.008819435171464881,1.0,1.0,1.0
SA(1.0),0.010656085461385679,1.0,1.0,1.0
SA(1.0),0.012875218781328664,1.0,1.0,1.0
SA(1.0),0.015556487348734355,0.9999999403953552,1.0,1.0
SA(1.0),0.01879613098165608,0.9999982118606567,0.9999988079071045,0.9999999403953552
SA(1.0),0.02271043147207104,0.999966025352478,0.9999642372131348,0.9999966025352478
SA(1.0),0.027439886333575234,0.9996437430381775,0.9996015429496765,0.9999354481697083
SA(1.0),0.03315425173341567,0.9977129101753235,0.9970237016677856,0.9993712306022644
SA(1.0),0.04005863561678525,0.9901288747787476,0.9877321720123291,0.9960277080535889
SA(1.0),0.0484008597262664,0.9690542221069336,0.9581988453865051,0.9839761853218079
SA(1.0),0.05848035476425732,0.9248679280281067,0.895939826965332,0.9537249803543091
SA(1.0),0.0706589079759143,0.8511525392532349,0.7967721819877625,0.8949259519577026
SA(1.0),0.08537364891979435,0.7490394115447998,0.6699687838554382,0.8022143244743347
SA(1.0),0.10315273952952697,0.6275792717933655,0.5332139730453491,0.6879522204399109
SA(1.0),0.12463433163601581,0.5002073049545288,0.40382012724876404,0.5619919896125793
SA(1.0),0.15058947239990575,0.37993910908699036,0.2930479347705841,0.4387142062187195
SA(1.0),0.1819497798079332,0.27591487765312195,0.2051880806684494,0.3289679288864136
SA(1.0),0.2198408816005392,0.19231505692005157,0.173605814576149,0.23272469639778137
SA(1.0),0.26562281786721387,0.12915046513080597,0.11076325178146362,0.16192786395549774
SA(1.0),0.3209388574956752,0.08385106176137924,0.0677807629108429,0.1091824397444725
SA(1.0),0.38777448066272807,0.052780769765377045,0.0399552546441555,0.07150889188051224
SA(1.0),0.46852864444834325,0.032281238585710526,0.022780384868383408,0.04557494819164276
SA(1.0),0.5660998895374224,0.019215118139982224,0.012611355632543564,0.028302844613790512
SA(1.0),0.6839903786706788,0.011144804768264294,0.006874916609376669,0.017143091186881065
SA(1.0),0.8264316011372962,0.0063040186651051044,0.0034270973410457373,0.010134524665772915
SA(1.0),0.998536255269745,0.0034798807464540005,0.0016457412857562304,0.005850436631590128
SA(1.0),1.2064817605183529,0.0018755990313366055,0.0007579064695164561,0.003299136646091938
SA(1.0),1.4577319859760607,0.0009874956449493766,0.0003365547163411975,0.0018178303726017475
SA(1.0),1.7613051539417657,0.0005080581177026033,0.00014432540046982467,0.0009788668248802423
SA(1.0),2.1280975344892874,0.0002555118699092418,5.9896377933910117e-05,0.0005151658551767468
SA(1.0),2.571274549537323,0.00012564242933876812,2.7203146601095796e-05,0.00026498266379348934
SA(1.0),3.1067433244712737,6.041700908099301e-05,1.2092151337128598e-05,0.00013319087156560272
SA(1.0),3.753723648796502,2.8412283427314833e-05,5.232936018728651e-06,6.540325557580218e-05
SA(1.0),4.535437839536395,1.3066285646345932e-05,2.198155470978236e-06,3.1362542358692735e-05
SA(1.0),5.479944268911139,5.875037913938286e-06,8.941478881752118e-07,1.4677960280096158e-05
SA(1.0),6.621144474431075,2.581821490821312e-06,3.5138404541612545e-07,6.699760433548363e-06
SA(1.0),7.999999999999999,1.1083201343353721e-06,1.3311371560575935e-07,2.9801178698107833e-06
SA(2.0),0.005,1.0,1.0,1.0
SA(2.0),0.006041251652862785,0.9999998211860657,0.9999993443489075,1.0
SA(2.0),0.007299344306643466,0.9999957084655762,0.9999836087226868,0.9999998211860657
SA(2.0),0.008819435171464881,0.9999412298202515,0.999789834022522,0.9999959468841553
SA(2.0),0.010656085461385679,0.999519407749176,0.9984081983566284,0.9999449253082275
SA(2.0),0.012875218781328664,0.9974192976951599,0.992367148399353,0.9995167851448059
SA(2.0),0.015556487348734355,0.9901593923568726,0.9734051823616028,0.9973901510238647
SA(2.0),0.01879613098165608,0.9715464115142822,0.9302121996879578,0.9893918037414551
SA(2.0),0.02271043147207104,0.9341357946395874,0.854128360748291,0.9678193926811218
SA(2.0),0.027439886333575234,0.87245112657547,0.7456051707267761,0.9264366626739502
SA(2.0),0.03315425173341567,0.7859603762626648,0.6170715093612671,0.8601868748664856
SA(2.0),0.04005863561678525,0.6799185872077942,0.479621946811676,0.7707183361053467
SA(2.0),0.0484008597262664,0.5637480020523071,0.35407015681266785,0.662982702255249
SA(2.0),0.05848035476425732,0.44805875420570374,0.24847719073295593,0.5465229749679565
SA(2.0),0.0706589079759143,0.34184545278549194,0.16651137173175812,0.43169742822647095
SA(2.0),0.08537364891979435,0.2508913576602936,0.10702797025442123,0.32708513736724854
SA(2.0),0.10315273952952697,0.17753815650939941,0.06625952571630478,0.23808959126472473
SA(2.0),0.12463433163601581,0.12138576805591583,0.039658691734075546,0.16679252684116364
SA(2.0),0.15058947239990575,0.08033130317926407,0.0230285432189703,0.11263640224933624
SA(2.0),0.1819497798079332,0.05152673274278641,0.013013898395001888,0.07342369109392166
SA(2.0),0.2198408816005392,0.03206375986337662,0.007178073283284903,0.04624674841761589
SA(2.0),0.26562281786721387,0.019366862252354622,0.003873791778460145,0.028163012117147446
SA(2.0),0.3209388574956752,0.011356540955603123,0.0020826885011047125,0.016586920246481895
SA(2.0),0.38777448066272807,0.0064644827507436275,0.001078780391253531,0.009446059353649616
SA(2.0),0.46852864444834325,0.003571068635210395,0.000548445270396769,0.005200533661991358
SA(2.0),0.5660998895374224,0.001913673710078001,0.0002733927976805717,0.002766601974144578
SA(2.0),0.6839903786706788,0.0009943995391950011,0.00013338151620700955,0.0014213072136044502
SA(2.0),0.8264316011372962,0.0005008588777855039,6.353257049340755e-05,0.0007046700338833034
SA(2.0),0.998536255269745,0.0002444659185130149,2.9218181225587614e-05,0.00033692701254040003
SA(2.0),1.2064817605183529,0.00011561833525775,1.3177429536881391e-05,0.00015526183415204287
SA(2.0),1.4577319859760607,5.298896576277912e-05,5.754726316808956e-06,6.890999793540686e-05
SA(2.0),1.7613051539417657,2.354169191676192e-05,2.428072548354976e-06,2.9438608180498704e-05
SA(2.0),2.1280975344892874,1.0144489351660013e-05,9.878760920400964e-07,1.432657336408738e-05
SA(2.0),2.571274549537323,4.243350304022897e-06,3.8694099657732295e-07,6.847119948361069e-06
SA(2.0),3.1067433244712737,1.7246397874259856e-06,1.457241296520806e-07,3.1726137876830762e-06
SA(2.0),3.753723648796502,6.817898565714131e-07,5.2711161657725825e-08,1.4248599882193957e-06
SA(2.0),4.535437839536395,2.6239627004542854e-07,1.828761675426449e-08,6.201811970640847e-07
SA(2.0),5.479944268911139,9.835927983203874e-08,6.067485180949461e-09,2.615905998482049e-07
SA(2.0),6.621144474431075,3.589451225138873e-08,1.9166579434681807e-09,1.0691922369687745e-07
SA(2.0),7.999999999999999,1.273143013236222e-08,5.718086004691258e-10,4.2340875694435454e-08
SA(3.0),0.005,0.9999399781227112,0.9998136162757874,0.9999964237213135
SA(3.0),0.006041251652862785,0.999541699886322,0.9986096620559692,0.9999555349349976
SA(3.0),0.007299344306643466,0.9976431727409363,0.9931495785713196,0.9996578693389893
SA(3.0),0.008819435171464881,0.9912387132644653,0.9759784936904907,0.9982150197029114
SA(3.0),0.010656085461385679,0.97500079870224,0.9361719489097595,0.9932225942611694
SA(3.0),0.012875218781328664,0.9424262642860413,0.8652966618537903,0.9802150726318359
SA(3.0),0.015556487348734355,0.88846755027771,0.7598901391029358,0.9533840417861938
SA(3.0),0.01879613098165608,0.8120525479316711,0.6318453550338745,0.9069628715515137
SA(3.0),0.02271043147207104,0.7168949246406555,0.49605292081832886,0.8379599452018738
SA(3.0),0.027439886333575234,0.610296905040741,0.36828842759132385,0.7477468848228455
SA(3.0),0.03315425173341567,0.5008890628814697,0.25947853922843933,0.6420595645904541
SA(3.0),0.04005863561678525,0.3965229094028473,0.1742275357246399,0.5294540524482727
SA(3.0),0.0484008597262664,0.30299603939056396,0.11197549849748611,0.4190347492694855
SA(3.0),0.05848035476425732,0.22365082800388336,0.06916699558496475,0.3184128403663635
SA(3.0),0.0706589079759143,0.1595778614282608,0.04121626913547516,0.2325141578912735
SA(3.0),0.08537364891979435,0.11013375222682953,0.024054212495684624,0.16335685551166534
SA(3.0),0.10315273952952697,0.0735621377825737,0.013254370540380478,0.11055338382720947
SA(3.0),0.12463433163601581,0.04757286235690117,0.007229306735098362,0.07214435189962387
SA(3.0),0.15058947239990575,0.02979515865445137,0.0038497745990753174,0.04543206840753555
SA(3.0),0.1819497798079332,0.018073298037052155,0.0020055321510881186,0.027621697634458542
SA(3.0),0.2198408816005392,0.010616340674459934,0.0010233303764835,0.01621544547379017
SA(3.0),0.26562281786721387,0.006037098355591297,0.0005157806444913149,0.009190511889755726
SA(3.0),0.3209388574956752,0.0033221659250557423,0.00025003624614328146,0.00502720708027482
SA(3.0),0.38777448066272807,0.001768310903571546,0.00011972140782745555,0.002652545226737857
SA(3.0),0.46852864444834325,0.000910029630176723,5.589351349044591e-05,0.0013491983991116285
SA(3.0),0.5660998895374224,0.00045265184598974884,2.540360037528444e-05,0.0006611041026189923
SA(3.0),0.6839903786706788,0.00021756993373855948,1.1230292329855729e-05,0.0003118474851362407
SA(3.0),0.8264316011372962,0.00010105488763656467,4.811853614228312e-06,0.00014151302457321435
SA(3.0),0.998536255269745,4.536692358669825e-05,1.9949900433857692e-06,6.173716974444687e-05
SA(3.0),1.2064817605183529,1.9695275113917887e-05,7.993500616976235e-07,2.5877399821183644e-05
SA(3.0),1.4577319859760607,8.275014806713443e-06,3.092704616847186e-07,1.0414804819447454e-05
SA(3.0),1.7613051539417657,3.3684464142424986e-06,1.1550640977020521e-07,4.752510449179681e-06
SA(3.0),2.1280975344892874,1.3302037586981896e-06,4.1641232684241913e-08,2.175106828872231e-06
SA(3.0),2.571274549537323,5.103267426420643e-07,1.4482174570673578e-08,9.646367971072323e-07
SA(3.0),3.1067433244712737,1.90447551062789e-07,4.848185852779352e-09,4.1446773479947296e-07
SA(3.0),3.753723648796502,6.9182824802283e-08,1.5574842526788757e-09,1.7249710992928158e-07
SA(3.0),4.535437839536395,2.4449603230891626e-08,4.772254813545374e-10,6.952233633228388e-08
SA(3.0),5.479944268911139,8.389471339853571e-09,1.3794021480606489e-10,2.7122943890844908e-08
SA(3.0),6.621144474431075,2.7763364940369684e-09,3.711764229308301e-11,1.0235382319478958e-08
SA(3.0),7.999999999999999,8.786004701555328e-10,9.322431715474977e-12,3.7309519917982925e-09
